{"type": "FeatureCollection", "name": "belgium_tilegrid", "crs": {"type": "name", "properties": {"name": "urn:ogc:def:crs:OGC:1.3:CRS84"}}, "features": [{"type": "Feature", "properties": {"nis": "11001", "name_nl": "Aartselaar", "name_fr": "Aartselaar", "population": 15093, "grid_col": 17, "grid_row": 25, "displacement_km": 7.03, "centroid_lon": 4.382527, "centroid_lat": 51.13189}, "geometry": {"type": "Polygon", "coordinates": [[[4.438708258675062, 51.16183418691758], [4.438821415813673, 51.22819957380672], [4.333124313320867, 51.22822348865607], [4.333161401721826, 51.16185806838142], [4.438708258675062, 51.16183418691758]]]}}, {"type": "Feature", "properties": {"nis": "11002", "name_nl": "Antwerpen", "name_fr": "Anvers", "population": 562002, "grid_col": 16, "grid_row": 27, "displacement_km": 9.73, "centroid_lon": 4.369665, "centroid_lat": 51.260702}, "geometry": {"type": "Polygon", "coordinates": [[[4.333087119178945, 51.29458717216984], [4.333049818843209, 51.36094902911651], [4.227051045013017, 51.36087827671795], [4.227239448982434, 51.29451651863807], [4.333087119178945, 51.29458717216984]]]}}, {"type": "Feature", "properties": {"nis": "11004", "name_nl": "Boechout", "name_fr": "Boechout", "population": 14084, "grid_col": 20, "grid_row": 25, "displacement_km": 13.4, "centroid_lon": 4.516792, "centroid_lat": 51.165646}, "geometry": {"type": "Polygon", "coordinates": [[[4.755345196008641, 51.16119651984251], [4.755909074227109, 51.22756101530268], [4.650214224605601, 51.227868336141746], [4.649800582333307, 51.161503411663084], [4.755345196008641, 51.16119651984251]]]}}, {"type": "Feature", "properties": {"nis": "11005", "name_nl": "Boom", "name_fr": "Boom", "population": 19699, "grid_col": 17, "grid_row": 24, "displacement_km": 4.01, "centroid_lon": 4.373034, "centroid_lat": 51.093567}, "geometry": {"type": "Polygon", "coordinates": [[[4.43859542277919, 51.09546715289692], [4.438708258675062, 51.16183418691758], [4.333161401721826, 51.16185806838142], [4.333198384832109, 51.09549100103784], [4.43859542277919, 51.09546715289692]]]}}, {"type": "Feature", "properties": {"nis": "11008", "name_nl": "Brasschaat", "name_fr": "Brasschaat", "population": 38416, "grid_col": 18, "grid_row": 27, "displacement_km": 2.12, "centroid_lon": 4.500428, "centroid_lat": 51.309403}, "geometry": {"type": "Polygon", "coordinates": [[[4.544782347961833, 51.29444467388833], [4.54504725441479, 51.36080633143474], [4.439048699322228, 51.360925047307546], [4.438934895568841, 51.2945632238722], [4.544782347961833, 51.29444467388833]]]}}, {"type": "Feature", "properties": {"nis": "11009", "name_nl": "Brecht", "name_fr": "Brecht", "population": 30664, "grid_col": 20, "grid_row": 28, "displacement_km": 8.32, "centroid_lon": 4.628192, "centroid_lat": 51.335941}, "geometry": {"type": "Polygon", "coordinates": [[[4.757041660349766, 51.36028470090945], [4.757610382062483, 51.42664371131669], [4.651462247439034, 51.42695232406449], [4.651045052093569, 51.36059288220919], [4.757041660349766, 51.36028470090945]]]}}, {"type": "Feature", "properties": {"nis": "11013", "name_nl": "Edegem", "name_fr": "Edegem", "population": 23502, "grid_col": 18, "grid_row": 25, "displacement_km": 5.96, "centroid_lon": 4.432786, "centroid_lat": 51.156186}, "geometry": {"type": "Polygon", "coordinates": [[[4.544254794386856, 51.16171596777676], [4.54451819569123, 51.2280811893998], [4.438821415813673, 51.22819957380672], [4.438708258675062, 51.16183418691758], [4.544254794386856, 51.16171596777676]]]}}, {"type": "Feature", "properties": {"nis": "11016", "name_nl": "Essen", "name_fr": "Essen", "population": 19606, "grid_col": 18, "grid_row": 29, "displacement_km": 2.2, "centroid_lon": 4.465928, "centroid_lat": 51.449504}, "geometry": {"type": "Polygon", "coordinates": [[[4.545312918284615, 51.42716607211722], [4.545579342824346, 51.49352380589972], [4.439277284389874, 51.493642854490886], [4.439162828463399, 51.427284954192075], [4.545312918284615, 51.42716607211722]]]}}, {"type": "Feature", "properties": {"nis": "11018", "name_nl": "Hemiksem", "name_fr": "Hemiksem", "population": 12428, "grid_col": 17, "grid_row": 26, "displacement_km": 13.47, "centroid_lon": 4.340272, "centroid_lat": 51.143749}, "geometry": {"type": "Polygon", "coordinates": [[[4.438821415813673, 51.22819957380672], [4.438934895568841, 51.2945632238722], [4.333087119178947, 51.29458717216984], [4.333124313320867, 51.22822348865607], [4.438821415813673, 51.22819957380672]]]}}, {"type": "Feature", "properties": {"nis": "11021", "name_nl": "Hove", "name_fr": "Hove", "population": 8366, "grid_col": 19, "grid_row": 25, "displacement_km": 9.63, "centroid_lon": 4.482231, "centroid_lat": 51.147224}, "geometry": {"type": "Polygon", "coordinates": [[[4.649800582333307, 51.161503411663084], [4.650214224605601, 51.227868336141746], [4.54451819569123, 51.2280811893998], [4.544254794386856, 51.16171596777676], [4.649800582333307, 51.161503411663084]]]}}, {"type": "Feature", "properties": {"nis": "11022", "name_nl": "Kalmthout", "name_fr": "Kalmthout", "population": 19712, "grid_col": 19, "grid_row": 28, "displacement_km": 9.03, "centroid_lon": 4.46867, "centroid_lat": 51.398784}, "geometry": {"type": "Polygon", "coordinates": [[[4.651045052093569, 51.36059288220919], [4.651462247439034, 51.42695232406449], [4.545312918284615, 51.42716607211722], [4.54504725441479, 51.36080633143474], [4.651045052093569, 51.36059288220919]]]}}, {"type": "Feature", "properties": {"nis": "11023", "name_nl": "Kapellen", "name_fr": "Kapellen", "population": 27976, "grid_col": 18, "grid_row": 28, "displacement_km": 7.49, "centroid_lon": 4.443884, "centroid_lat": 51.333933}, "geometry": {"type": "Polygon", "coordinates": [[[4.54504725441479, 51.36080633143474], [4.545312918284615, 51.42716607211722], [4.439162828463399, 51.427284954192075], [4.439048699322228, 51.360925047307546], [4.54504725441479, 51.36080633143474]]]}}, {"type": "Feature", "properties": {"nis": "11024", "name_nl": "Kontich", "name_fr": "Kontich", "population": 21801, "grid_col": 18, "grid_row": 24, "displacement_km": 3.32, "centroid_lon": 4.444549, "centroid_lat": 51.123669}, "geometry": {"type": "Polygon", "coordinates": [[[4.543992140850849, 51.09534909871248], [4.544254794386856, 51.16171596777676], [4.438708258675062, 51.16183418691758], [4.43859542277919, 51.09546715289692], [4.543992140850849, 51.09534909871248]]]}}, {"type": "Feature", "properties": {"nis": "11025", "name_nl": "Lint", "name_fr": "Lint", "population": 8499, "grid_col": 19, "grid_row": 24, "displacement_km": 6.94, "centroid_lon": 4.49774, "centroid_lat": 51.127676}, "geometry": {"type": "Polygon", "coordinates": [[[4.649388114336874, 51.09513683918632], [4.649800582333307, 51.161503411663084], [4.544254794386856, 51.16171596777676], [4.543992140850849, 51.09534909871248], [4.649388114336874, 51.09513683918632]]]}}, {"type": "Feature", "properties": {"nis": "11029", "name_nl": "Mortsel", "name_fr": "Mortsel", "population": 26736, "grid_col": 18, "grid_row": 26, "displacement_km": 9.88, "centroid_lon": 4.460994, "centroid_lat": 51.174661}, "geometry": {"type": "Polygon", "coordinates": [[[4.54451819569123, 51.2280811893998], [4.544782347961833, 51.29444467388833], [4.438934895568841, 51.2945632238722], [4.438821415813673, 51.22819957380672], [4.54451819569123, 51.2280811893998]]]}}, {"type": "Feature", "properties": {"nis": "11030", "name_nl": "Niel", "name_fr": "Niel", "population": 11032, "grid_col": 16, "grid_row": 24, "displacement_km": 4.54, "centroid_lon": 4.335668, "centroid_lat": 51.10726}, "geometry": {"type": "Polygon", "coordinates": [[[4.333198384832108, 51.09549100103784], [4.333161401721824, 51.16185806838142], [4.22761465005884, 51.161787612026075], [4.227801451727551, 51.095420642993496], [4.333198384832108, 51.09549100103784]]]}}, {"type": "Feature", "properties": {"nis": "11035", "name_nl": "Ranst", "name_fr": "Ranst", "population": 19755, "grid_col": 21, "grid_row": 25, "displacement_km": 15.23, "centroid_lon": 4.59062, "centroid_lat": 51.192741}, "geometry": {"type": "Polygon", "coordinates": [[[4.860888208935556, 51.16079529414279], [4.861602316254752, 51.22715922871643], [4.755909074227109, 51.22756101530268], [4.755345196008641, 51.16119651984251], [4.860888208935556, 51.16079529414279]]]}}, {"type": "Feature", "properties": {"nis": "11037", "name_nl": "Rumst", "name_fr": "Rumst", "population": 15692, "grid_col": 18, "grid_row": 23, "displacement_km": 6.04, "centroid_lon": 4.421063, "centroid_lat": 51.09384}, "geometry": {"type": "Polygon", "coordinates": [[[4.543730231903473, 51.0289806717859], [4.543992140850849, 51.09534909871248], [4.43859542277919, 51.09546715289692], [4.438482906760028, 51.02909856132258], [4.543730231903473, 51.0289806717859]]]}}, {"type": "Feature", "properties": {"nis": "11038", "name_nl": "Schelle", "name_fr": "Schelle", "population": 8682, "grid_col": 16, "grid_row": 25, "displacement_km": 9.15, "centroid_lon": 4.342404, "centroid_lat": 51.122611}, "geometry": {"type": "Polygon", "coordinates": [[[4.333161401721824, 51.16185806838142], [4.333124313320865, 51.22822348865607], [4.22742731656859, 51.22815293380515], [4.22761465005884, 51.161787612026075], [4.333161401721824, 51.16185806838142]]]}}, {"type": "Feature", "properties": {"nis": "11039", "name_nl": "Schilde", "name_fr": "Schilde", "population": 20508, "grid_col": 20, "grid_row": 27, "displacement_km": 11.64, "centroid_lon": 4.581471, "centroid_lat": 51.256115}, "geometry": {"type": "Polygon", "coordinates": [[[4.756474560045957, 51.29392377226251], [4.757041660349766, 51.36028470090945], [4.651045052093569, 51.36059288220919], [4.650629046175537, 51.294231522926985], [4.756474560045957, 51.29392377226251]]]}}, {"type": "Feature", "properties": {"nis": "11040", "name_nl": "Schoten", "name_fr": "Schoten", "population": 34926, "grid_col": 19, "grid_row": 27, "displacement_km": 9.42, "centroid_lon": 4.508228, "centroid_lat": 51.264157}, "geometry": {"type": "Polygon", "coordinates": [[[4.650629046175537, 51.294231522926985], [4.651045052093569, 51.36059288220919], [4.54504725441479, 51.36080633143474], [4.544782347961833, 51.29444467388833], [4.650629046175537, 51.294231522926985]]]}}, {"type": "Feature", "properties": {"nis": "11044", "name_nl": "Stabroek", "name_fr": "Stabroek", "population": 18970, "grid_col": 17, "grid_row": 27, "displacement_km": 0.65, "centroid_lon": 4.376775, "centroid_lat": 51.328587}, "geometry": {"type": "Polygon", "coordinates": [[[4.438934895568841, 51.2945632238722], [4.439048699322228, 51.360925047307546], [4.333049818843211, 51.36094902911651], [4.333087119178947, 51.29458717216984], [4.438934895568841, 51.2945632238722]]]}}, {"type": "Feature", "properties": {"nis": "11050", "name_nl": "Wijnegem", "name_fr": "Wijnegem", "population": 10650, "grid_col": 19, "grid_row": 26, "displacement_km": 6.64, "centroid_lon": 4.516863, "centroid_lat": 51.229564}, "geometry": {"type": "Polygon", "coordinates": [[[4.650214224605601, 51.227868336141746], [4.650629046175537, 51.294231522926985], [4.544782347961833, 51.29444467388833], [4.54451819569123, 51.2280811893998], [4.650214224605601, 51.227868336141746]]]}}, {"type": "Feature", "properties": {"nis": "11052", "name_nl": "Wommelgem", "name_fr": "Wommelgem", "population": 13564, "grid_col": 20, "grid_row": 26, "displacement_km": 14.21, "centroid_lon": 4.518983, "centroid_lat": 51.206749}, "geometry": {"type": "Polygon", "coordinates": [[[4.755909074227109, 51.22756101530268], [4.756474560045957, 51.29392377226251], [4.650629046175537, 51.294231522926985], [4.650214224605601, 51.227868336141746], [4.755909074227109, 51.22756101530268]]]}}, {"type": "Feature", "properties": {"nis": "11053", "name_nl": "Wuustwezel", "name_fr": "Wuustwezel", "population": 21941, "grid_col": 20, "grid_row": 29, "displacement_km": 10.32, "centroid_lon": 4.600289, "centroid_lat": 51.394102}, "geometry": {"type": "Polygon", "coordinates": [[[4.757610382062483, 51.42664371131669], [4.758180732147705, 51.493000713443216], [4.651880637320351, 51.49330975845481], [4.651462247439034, 51.42695232406449], [4.757610382062483, 51.42664371131669]]]}}, {"type": "Feature", "properties": {"nis": "11054", "name_nl": "Zandhoven", "name_fr": "Zandhoven", "population": 13423, "grid_col": 22, "grid_row": 26, "displacement_km": 17.34, "centroid_lon": 4.679151, "centroid_lat": 51.21124}, "geometry": {"type": "Polygon", "coordinates": [[[4.967293522426615, 51.226662978780396], [4.96816031425585, 51.293024479749185], [4.862318459437978, 51.293521423734795], [4.861602316254752, 51.22715922871643], [4.967293522426615, 51.226662978780396]]]}}, {"type": "Feature", "properties": {"nis": "11055", "name_nl": "Zoersel", "name_fr": "Zoersel", "population": 22770, "grid_col": 21, "grid_row": 26, "displacement_km": 9.73, "centroid_lon": 4.669764, "centroid_lat": 51.25754}, "geometry": {"type": "Polygon", "coordinates": [[[4.861602316254752, 51.22715922871643], [4.862318459437978, 51.293521423734795], [4.756474560045957, 51.29392377226251], [4.755909074227109, 51.22756101530268], [4.861602316254752, 51.22715922871643]]]}}, {"type": "Feature", "properties": {"nis": "11057", "name_nl": "Malle", "name_fr": "Malle", "population": 16248, "grid_col": 21, "grid_row": 27, "displacement_km": 7.68, "centroid_lon": 4.713596, "centroid_lat": 51.293228}, "geometry": {"type": "Polygon", "coordinates": [[[4.862318459437978, 51.293521423734795], [4.863036647203661, 51.359881789381525], [4.757041660349766, 51.36028470090945], [4.756474560045957, 51.29392377226251], [4.862318459437978, 51.293521423734795]]]}}, {"type": "Feature", "properties": {"nis": "12002", "name_nl": "Berlaar", "name_fr": "Berlaar", "population": 12115, "grid_col": 21, "grid_row": 23, "displacement_km": 11.74, "centroid_lon": 4.656074, "centroid_lat": 51.107172}, "geometry": {"type": "Polygon", "coordinates": [[[4.859466067262685, 51.028062565023376], [4.860176128811461, 51.09442970971591], [4.754782918545058, 51.09483037558021], [4.75422223502968, 51.028462672099586], [4.859466067262685, 51.028062565023376]]]}}, {"type": "Feature", "properties": {"nis": "12005", "name_nl": "Bonheiden", "name_fr": "Bonheiden", "population": 15641, "grid_col": 20, "grid_row": 22, "displacement_km": 9.59, "centroid_lon": 4.570732, "centroid_lat": 51.02081}, "geometry": {"type": "Polygon", "coordinates": [[[4.753663138694358, 50.962093498870004], [4.75422223502968, 51.028462672099586], [4.648976815622995, 51.028768708292354], [4.64856668122663, 50.962399108447684], [4.753663138694358, 50.962093498870004]]]}}, {"type": "Feature", "properties": {"nis": "12007", "name_nl": "Bornem", "name_fr": "Bornem", "population": 22232, "grid_col": 15, "grid_row": 24, "displacement_km": 6.02, "centroid_lon": 4.242598, "centroid_lat": 51.095164}, "geometry": {"type": "Polygon", "coordinates": [[[4.227801451727551, 51.095420642993496], [4.22761465005884, 51.161787612026075], [4.122068430215246, 51.16162281827119], [4.122405048180926, 51.095256079182114], [4.227801451727551, 51.095420642993496]]]}}, {"type": "Feature", "properties": {"nis": "12009", "name_nl": "Duffel", "name_fr": "Duffel", "population": 18100, "grid_col": 19, "grid_row": 23, "displacement_km": 6.88, "centroid_lon": 4.514092, "centroid_lat": 51.095702}, "geometry": {"type": "Polygon", "coordinates": [[[4.648976815622995, 51.028768708292354], [4.649388114336874, 51.09513683918632], [4.543992140850849, 51.09534909871248], [4.543730231903473, 51.0289806717859], [4.648976815622995, 51.028768708292354]]]}}, {"type": "Feature", "properties": {"nis": "12014", "name_nl": "Heist-op-den-Berg", "name_fr": "Heist-op-den-Berg", "population": 44723, "grid_col": 22, "grid_row": 23, "displacement_km": 12.43, "centroid_lon": 4.73601, "centroid_lat": 51.071618}, "geometry": {"type": "Polygon", "coordinates": [[[4.96470788949943, 51.02756838943756], [4.965567320510679, 51.09393484397509], [4.860176128811461, 51.09442970971591], [4.859466067262685, 51.028062565023376], [4.96470788949943, 51.02756838943756]]]}}, {"type": "Feature", "properties": {"nis": "12021", "name_nl": "Lier", "name_fr": "Lierre", "population": 38517, "grid_col": 20, "grid_row": 24, "displacement_km": 9.06, "centroid_lon": 4.573903, "centroid_lat": 51.118385}, "geometry": {"type": "Polygon", "coordinates": [[[4.754782918545058, 51.09483037558021], [4.755345196008641, 51.16119651984251], [4.649800582333307, 51.161503411663084], [4.649388114336874, 51.09513683918632], [4.754782918545058, 51.09483037558021]]]}}, {"type": "Feature", "properties": {"nis": "12025", "name_nl": "Mechelen", "name_fr": "Malines", "population": 89655, "grid_col": 18, "grid_row": 22, "displacement_km": 4.64, "centroid_lon": 4.450157, "centroid_lat": 51.028675}, "geometry": {"type": "Polygon", "coordinates": [[[4.543469064383003, 50.962610776461496], [4.543730231903473, 51.0289806717859], [4.438482906760028, 51.02909856132258], [4.438370709259283, 50.962728501657935], [4.543469064383003, 50.962610776461496]]]}}, {"type": "Feature", "properties": {"nis": "12026", "name_nl": "Nijlen", "name_fr": "Nijlen", "population": 23747, "grid_col": 21, "grid_row": 24, "displacement_km": 10.41, "centroid_lon": 4.663628, "centroid_lat": 51.150891}, "geometry": {"type": "Polygon", "coordinates": [[[4.860176128811461, 51.09442970971591], [4.860888208935556, 51.16079529414279], [4.755345196008641, 51.16119651984251], [4.754782918545058, 51.09483037558021], [4.860176128811461, 51.09442970971591]]]}}, {"type": "Feature", "properties": {"nis": "12029", "name_nl": "Putte", "name_fr": "Putte", "population": 19091, "grid_col": 21, "grid_row": 22, "displacement_km": 13.44, "centroid_lon": 4.636375, "centroid_lat": 51.050672}, "geometry": {"type": "Polygon", "coordinates": [[[4.858758015718243, 50.961693949538294], [4.859466067262685, 51.028062565023376], [4.75422223502968, 51.028462672099586], [4.753663138694358, 50.962093498870004], [4.858758015718243, 50.961693949538294]]]}}, {"type": "Feature", "properties": {"nis": "12035", "name_nl": "Sint-Katelijne-Waver", "name_fr": "Sint-Katelijne-Waver", "population": 21917, "grid_col": 20, "grid_row": 23, "displacement_km": 11.6, "centroid_lon": 4.53633, "centroid_lat": 51.062402}, "geometry": {"type": "Polygon", "coordinates": [[[4.75422223502968, 51.028462672099586], [4.754782918545058, 51.09483037558021], [4.649388114336874, 51.09513683918632], [4.648976815622995, 51.028768708292354], [4.75422223502968, 51.028462672099586]]]}}, {"type": "Feature", "properties": {"nis": "12040", "name_nl": "Willebroek", "name_fr": "Willebroek", "population": 28620, "grid_col": 17, "grid_row": 23, "displacement_km": 1.54, "centroid_lon": 4.36844, "centroid_lat": 51.053933}, "geometry": {"type": "Polygon", "coordinates": [[[4.438482906760028, 51.02909856132258], [4.43859542277919, 51.09546715289692], [4.333198384832109, 51.09549100103784], [4.333235263099446, 51.029122376202935], [4.438482906760028, 51.02909856132258]]]}}, {"type": "Feature", "properties": {"nis": "12041", "name_nl": "Puurs-Sint-Amands", "name_fr": "Puurs-Sint-Amands", "population": 27066, "grid_col": 16, "grid_row": 23, "displacement_km": 0.15, "centroid_lon": 4.28176, "centroid_lat": 51.06116}, "geometry": {"type": "Polygon", "coordinates": [[[4.333235263099445, 51.029122376202935], [4.333198384832108, 51.09549100103784], [4.227801451727551, 51.095420642993496], [4.227987723836193, 51.029052116285634], [4.333235263099445, 51.029122376202935]]]}}, {"type": "Feature", "properties": {"nis": "13001", "name_nl": "Arendonk", "name_fr": "Arendonk", "population": 13323, "grid_col": 26, "grid_row": 26, "displacement_km": 19.6, "centroid_lon": 5.085418, "centroid_lat": 51.334638}, "geometry": {"type": "Polygon", "coordinates": [[[5.390029425268866, 51.22373341321093], [5.391498687835711, 51.290090817124266], [5.28566931111772, 51.290966107579976], [5.284350643993259, 51.22460748130128], [5.390029425268866, 51.22373341321093]]]}}, {"type": "Feature", "properties": {"nis": "13002", "name_nl": "Baarle-Hertog", "name_fr": "Baerle-Duc", "population": 3083, "grid_col": 23, "grid_row": 29, "displacement_km": 9.59, "centroid_lon": 4.903433, "centroid_lat": 51.416198}, "geometry": {"type": "Polygon", "coordinates": [[[5.076043280608513, 51.425148706270306], [5.077069461822866, 51.491503614446806], [4.970775580033959, 51.49209763872425], [4.969901332416886, 51.42574189971365], [5.076043280608513, 51.425148706270306]]]}}, {"type": "Feature", "properties": {"nis": "13003", "name_nl": "Balen", "name_fr": "Balen", "population": 23777, "grid_col": 26, "grid_row": 24, "displacement_km": 11.3, "centroid_lon": 5.18297, "centroid_lat": 51.158592}, "geometry": {"type": "Polygon", "coordinates": [[[5.387103411051005, 51.091013449474296], [5.388564338933755, 51.157374260749464], [5.283035725188402, 51.15824710876857], [5.281724538744719, 51.091885079708035], [5.387103411051005, 51.091013449474296]]]}}, {"type": "Feature", "properties": {"nis": "13004", "name_nl": "Beerse", "name_fr": "Beerse", "population": 18710, "grid_col": 22, "grid_row": 27, "displacement_km": 6.57, "centroid_lon": 4.823338, "centroid_lat": 51.314409}, "geometry": {"type": "Polygon", "coordinates": [[[4.96816031425585, 51.293024479749185], [4.969029580715188, 51.35938415003873], [4.863036647203661, 51.359881789381525], [4.862318459437978, 51.293521423734795], [4.96816031425585, 51.293024479749185]]]}}, {"type": "Feature", "properties": {"nis": "13006", "name_nl": "Dessel", "name_fr": "Dessel", "population": 10076, "grid_col": 26, "grid_row": 25, "displacement_km": 16.0, "centroid_lon": 5.122057, "centroid_lat": 51.241509}, "geometry": {"type": "Polygon", "coordinates": [[[5.388564338933755, 51.157374260749464], [5.390029425268866, 51.22373341321093], [5.284350643993259, 51.22460748130128], [5.283035725188402, 51.15824710876857], [5.388564338933755, 51.157374260749464]]]}}, {"type": "Feature", "properties": {"nis": "13008", "name_nl": "Geel", "name_fr": "Geel", "population": 42427, "grid_col": 25, "grid_row": 25, "displacement_km": 17.44, "centroid_lon": 4.984718, "centroid_lat": 51.166487}, "geometry": {"type": "Polygon", "coordinates": [[[5.2830357251884, 51.15824710876857], [5.284350643993257, 51.22460748130128], [5.178668114413228, 51.22538710126659], [5.177503379096946, 51.159025640472656], [5.2830357251884, 51.15824710876857]]]}}, {"type": "Feature", "properties": {"nis": "13010", "name_nl": "Grobbendonk", "name_fr": "Grobbendonk", "population": 11609, "grid_col": 22, "grid_row": 25, "displacement_km": 12.33, "centroid_lon": 4.739166, "centroid_lat": 51.179762}, "geometry": {"type": "Polygon", "coordinates": [[[4.966429194675563, 51.16029973695347], [4.967293522426615, 51.226662978780396], [4.861602316254752, 51.22715922871643], [4.860888208935556, 51.16079529414279], [4.966429194675563, 51.16029973695347]]]}}, {"type": "Feature", "properties": {"nis": "13011", "name_nl": "Herentals", "name_fr": "Herentals", "population": 29001, "grid_col": 23, "grid_row": 24, "displacement_km": 14.0, "centroid_lon": 4.827548, "centroid_lat": 51.163794}, "geometry": {"type": "Polygon", "coordinates": [[[5.070956069066108, 51.093345781299334], [5.071967726839316, 51.15970985122577], [4.966429194675564, 51.16029973695347], [4.965567320510681, 51.09393484397509], [5.070956069066108, 51.093345781299334]]]}}, {"type": "Feature", "properties": {"nis": "13012", "name_nl": "Herenthout", "name_fr": "Herenthout", "population": 9504, "grid_col": 22, "grid_row": 24, "displacement_km": 10.81, "centroid_lon": 4.759935, "centroid_lat": 51.139109}, "geometry": {"type": "Polygon", "coordinates": [[[4.965567320510679, 51.09393484397509], [4.966429194675563, 51.16029973695347], [4.860888208935556, 51.16079529414279], [4.860176128811461, 51.09442970971591], [4.965567320510679, 51.09393484397509]]]}}, {"type": "Feature", "properties": {"nis": "13013", "name_nl": "Herselt", "name_fr": "Herselt", "population": 14829, "grid_col": 24, "grid_row": 22, "displacement_km": 17.81, "centroid_lon": 4.882975, "centroid_lat": 51.047371}, "geometry": {"type": "Polygon", "coordinates": [[[5.17402895407806, 50.959931689460625], [5.17518381294628, 51.02629784502271], [5.069947278965791, 51.02698014827406], [5.068941344362816, 50.96061304163325], [5.17402895407806, 50.959931689460625]]]}}, {"type": "Feature", "properties": {"nis": "13014", "name_nl": "Hoogstraten", "name_fr": "Hoogstraten", "population": 22403, "grid_col": 21, "grid_row": 29, "displacement_km": 3.92, "centroid_lon": 4.763654, "centroid_lat": 51.440444}, "geometry": {"type": "Polygon", "coordinates": [[[4.863756888320082, 51.42624023572596], [4.864479191605727, 51.49259667272321], [4.758180732147705, 51.493000713443216], [4.757610382062483, 51.42664371131669], [4.863756888320082, 51.42624023572596]]]}}, {"type": "Feature", "properties": {"nis": "13016", "name_nl": "Hulshout", "name_fr": "Hulshout", "population": 10634, "grid_col": 23, "grid_row": 23, "displacement_km": 14.39, "centroid_lon": 4.812535, "centroid_lat": 51.062882}, "geometry": {"type": "Polygon", "coordinates": [[[5.069947278965791, 51.02698014827406], [5.070956069066108, 51.093345781299334], [4.965567320510681, 51.09393484397509], [4.964707889499431, 51.02756838943756], [5.069947278965791, 51.02698014827406]]]}}, {"type": "Feature", "properties": {"nis": "13017", "name_nl": "Kasterlee", "name_fr": "Kasterlee", "population": 19802, "grid_col": 24, "grid_row": 25, "displacement_km": 13.99, "centroid_lon": 4.941987, "centroid_lat": 51.24325}, "geometry": {"type": "Polygon", "coordinates": [[[5.177503379096946, 51.159025640472656], [5.178668114413228, 51.22538710126659], [5.072982264530279, 51.2260722684556], [5.071967726839316, 51.15970985122577], [5.177503379096946, 51.159025640472656]]]}}, {"type": "Feature", "properties": {"nis": "13019", "name_nl": "Lille", "name_fr": "Lille", "population": 17130, "grid_col": 23, "grid_row": 26, "displacement_km": 13.02, "centroid_lon": 4.834178, "centroid_lat": 51.255693}, "geometry": {"type": "Polygon", "coordinates": [[[5.072982264530279, 51.2260722684556], [5.073999694453675, 51.2924329432765], [4.968160314255852, 51.293024479749185], [4.967293522426616, 51.226662978780396], [5.072982264530279, 51.2260722684556]]]}}, {"type": "Feature", "properties": {"nis": "13021", "name_nl": "Meerhout", "name_fr": "Meerhout", "population": 10377, "grid_col": 25, "grid_row": 24, "displacement_km": 10.92, "centroid_lon": 5.07366, "centroid_lat": 51.124525}, "geometry": {"type": "Polygon", "coordinates": [[[5.281724538744718, 51.091885079708035], [5.2830357251884, 51.15824710876857], [5.177503379096946, 51.159025640472656], [5.176341949960197, 51.092662525189944], [5.281724538744718, 51.091885079708035]]]}}, {"type": "Feature", "properties": {"nis": "13023", "name_nl": "Merksplas", "name_fr": "Merksplas", "population": 8921, "grid_col": 22, "grid_row": 28, "displacement_km": 4.07, "centroid_lon": 4.870164, "centroid_lat": 51.370427}, "geometry": {"type": "Polygon", "coordinates": [[[4.969029580715188, 51.35938415003873], [4.969901332416884, 51.42574189971365], [4.863756888320082, 51.42624023572596], [4.863036647203661, 51.359881789381525], [4.969029580715188, 51.35938415003873]]]}}, {"type": "Feature", "properties": {"nis": "13025", "name_nl": "Mol", "name_fr": "Mol", "population": 38701, "grid_col": 27, "grid_row": 26, "displacement_km": 20.47, "centroid_lon": 5.15269, "centroid_lat": 51.233667}, "geometry": {"type": "Polygon", "coordinates": [[[5.495704030329652, 51.222764902210045], [5.497323870458136, 51.28912095171753], [5.391498687835711, 51.290090817124266], [5.390029425268866, 51.22373341321093], [5.495704030329652, 51.222764902210045]]]}}, {"type": "Feature", "properties": {"nis": "13029", "name_nl": "Olen", "name_fr": "Olen", "population": 12915, "grid_col": 24, "grid_row": 24, "displacement_km": 17.21, "centroid_lon": 4.885497, "centroid_lat": 51.163459}, "geometry": {"type": "Polygon", "coordinates": [[[5.176341949960197, 51.092662525189944], [5.177503379096946, 51.159025640472656], [5.071967726839316, 51.15970985122577], [5.070956069066108, 51.093345781299334], [5.176341949960197, 51.092662525189944]]]}}, {"type": "Feature", "properties": {"nis": "13031", "name_nl": "Oud-Turnhout", "name_fr": "Oud-Turnhout", "population": 15045, "grid_col": 24, "grid_row": 26, "displacement_km": 10.94, "centroid_lon": 5.004342, "centroid_lat": 51.32072}, "geometry": {"type": "Polygon", "coordinates": [[[5.178668114413228, 51.22538710126659], [5.179836170045882, 51.291746817852946], [5.073999694453675, 51.2924329432765], [5.072982264530279, 51.2260722684556], [5.178668114413228, 51.22538710126659]]]}}, {"type": "Feature", "properties": {"nis": "13035", "name_nl": "Ravels", "name_fr": "Ravels", "population": 15712, "grid_col": 23, "grid_row": 28, "displacement_km": 2.53, "centroid_lon": 5.025975, "centroid_lat": 51.414922}, "geometry": {"type": "Polygon", "coordinates": [[[5.075020028994487, 51.35879178586176], [5.076043280608513, 51.425148706270306], [4.969901332416886, 51.42574189971365], [4.96902958071519, 51.35938415003873], [5.075020028994487, 51.35879178586176]]]}}, {"type": "Feature", "properties": {"nis": "13036", "name_nl": "Retie", "name_fr": "Retie", "population": 11995, "grid_col": 25, "grid_row": 26, "displacement_km": 10.89, "centroid_lon": 5.076758, "centroid_lat": 51.267064}, "geometry": {"type": "Polygon", "coordinates": [[[5.284350643993257, 51.22460748130128], [5.285669311117719, 51.290966107579976], [5.179836170045882, 51.291746817852946], [5.178668114413228, 51.22538710126659], [5.284350643993257, 51.22460748130128]]]}}, {"type": "Feature", "properties": {"nis": "13037", "name_nl": "Rijkevorsel", "name_fr": "Rijkevorsel", "population": 12560, "grid_col": 21, "grid_row": 28, "displacement_km": 5.19, "centroid_lon": 4.767416, "centroid_lat": 51.355175}, "geometry": {"type": "Polygon", "coordinates": [[[4.863036647203661, 51.359881789381525], [4.863756888320082, 51.42624023572596], [4.757610382062483, 51.42664371131669], [4.757041660349766, 51.36028470090945], [4.863036647203661, 51.359881789381525]]]}}, {"type": "Feature", "properties": {"nis": "13040", "name_nl": "Turnhout", "name_fr": "Turnhout", "population": 47965, "grid_col": 24, "grid_row": 27, "displacement_km": 13.06, "centroid_lon": 4.940203, "centroid_lat": 51.328927}, "geometry": {"type": "Polygon", "coordinates": [[[5.179836170045882, 51.291746817852946], [5.181007560212457, 51.358104700398506], [5.075020028994487, 51.35879178586176], [5.073999694453675, 51.2924329432765], [5.179836170045882, 51.291746817852946]]]}}, {"type": "Feature", "properties": {"nis": "13044", "name_nl": "Vorselaar", "name_fr": "Vorselaar", "population": 8079, "grid_col": 23, "grid_row": 25, "displacement_km": 17.46, "centroid_lon": 4.772894, "centroid_lat": 51.217668}, "geometry": {"type": "Polygon", "coordinates": [[[5.071967726839316, 51.15970985122577], [5.072982264530279, 51.2260722684556], [4.967293522426616, 51.226662978780396], [4.966429194675564, 51.16029973695347], [5.071967726839316, 51.15970985122577]]]}}, {"type": "Feature", "properties": {"nis": "13046", "name_nl": "Vosselaar", "name_fr": "Vosselaar", "population": 11816, "grid_col": 23, "grid_row": 27, "displacement_km": 9.78, "centroid_lon": 4.885163, "centroid_lat": 51.305302}, "geometry": {"type": "Polygon", "coordinates": [[[5.073999694453675, 51.2924329432765], [5.075020028994487, 51.35879178586176], [4.96902958071519, 51.35938415003873], [4.968160314255852, 51.293024479749185], [5.073999694453675, 51.2924329432765]]]}}, {"type": "Feature", "properties": {"nis": "13049", "name_nl": "Westerlo", "name_fr": "Westerlo", "population": 25691, "grid_col": 24, "grid_row": 23, "displacement_km": 17.68, "centroid_lon": 4.881902, "centroid_lat": 51.10646}, "geometry": {"type": "Polygon", "coordinates": [[[5.17518381294628, 51.02629784502271], [5.176341949960197, 51.092662525189944], [5.070956069066108, 51.093345781299334], [5.069947278965791, 51.02698014827406], [5.17518381294628, 51.02629784502271]]]}}, {"type": "Feature", "properties": {"nis": "13053", "name_nl": "Laakdal", "name_fr": "Laakdal", "population": 16935, "grid_col": 25, "grid_row": 23, "displacement_km": 15.78, "centroid_lon": 5.005942, "centroid_lat": 51.080979}, "geometry": {"type": "Polygon", "coordinates": [[[5.280417068794237, 51.02552148373124], [5.281724538744718, 51.091885079708035], [5.176341949960197, 51.092662525189944], [5.17518381294628, 51.02629784502271], [5.280417068794237, 51.02552148373124]]]}}, {"type": "Feature", "properties": {"nis": "21001", "name_nl": "Anderlecht", "name_fr": "Anderlecht", "population": 128724, "grid_col": 15, "grid_row": 18, "displacement_km": 13.7, "centroid_lon": 4.292826, "centroid_lat": 50.828937}, "geometry": {"type": "Polygon", "coordinates": [[[4.228911219238692, 50.697189244842384], [4.22872756145329, 50.76356422026011], [4.124073904741884, 50.76340079974406], [4.12440485744624, 50.69702605171162], [4.228911219238692, 50.697189244842384]]]}}, {"type": "Feature", "properties": {"nis": "21002", "name_nl": "Oudergem", "name_fr": "Auderghem", "population": 35698, "grid_col": 19, "grid_row": 17, "displacement_km": 19.71, "centroid_lon": 4.437634, "centroid_lat": 50.810368}, "geometry": {"type": "Polygon", "coordinates": [[[4.646533302185077, 50.63053219827155], [4.646937688493875, 50.69690780488252], [4.542431745958551, 50.697118296466925], [4.542174238767895, 50.630742397111206], [4.646533302185077, 50.63053219827155]]]}}, {"type": "Feature", "properties": {"nis": "21003", "name_nl": "Sint-Agatha-Berchem", "name_fr": "Berchem-Sainte-Agathe", "population": 25803, "grid_col": 15, "grid_row": 20, "displacement_km": 8.31, "centroid_lon": 4.293979, "centroid_lat": 50.86467}, "geometry": {"type": "Polygon", "coordinates": [[[4.228543385224921, 50.829938084176085], [4.228358688355235, 50.89631074758488], [4.123409192676948, 50.89614687102901], [4.123742017805913, 50.82977443585217], [4.228543385224921, 50.829938084176085]]]}}, {"type": "Feature", "properties": {"nis": "21004", "name_nl": "Brussel", "name_fr": "Bruxelles", "population": 198314, "grid_col": 18, "grid_row": 20, "displacement_km": 8.2, "centroid_lon": 4.375274, "centroid_lat": 50.872998}, "geometry": {"type": "Polygon", "coordinates": [[[4.542948941065101, 50.82986693790468], [4.54320863514558, 50.89623950208929], [4.438258828926339, 50.89635706325189], [4.438147264418208, 50.82998433533879], [4.542948941065101, 50.82986693790468]]]}}, {"type": "Feature", "properties": {"nis": "21005", "name_nl": "Etterbeek", "name_fr": "Etterbeek", "population": 49131, "grid_col": 18, "grid_row": 18, "displacement_km": 13.25, "centroid_lon": 4.394649, "centroid_lat": 50.832899}, "geometry": {"type": "Polygon", "coordinates": [[[4.542431745958551, 50.697118296466925], [4.542689979033085, 50.763493173028536], [4.438036014399469, 50.76361040703835], [4.437925077542225, 50.69723536735559], [4.542431745958551, 50.697118296466925]]]}}, {"type": "Feature", "properties": {"nis": "21006", "name_nl": "Evere", "name_fr": "Evere", "population": 45892, "grid_col": 19, "grid_row": 19, "displacement_km": 15.49, "centroid_lon": 4.408226, "centroid_lat": 50.869953}, "geometry": {"type": "Polygon", "coordinates": [[[4.647343214712116, 50.76328238815629], [4.647749885666449, 50.829655859199555], [4.542948941065101, 50.82986693790468], [4.542689979033085, 50.763493173028536], [4.647343214712116, 50.76328238815629]]]}}, {"type": "Feature", "properties": {"nis": "21007", "name_nl": "Vorst", "name_fr": "Forest", "population": 58675, "grid_col": 17, "grid_row": 17, "displacement_km": 17.24, "centroid_lon": 4.324235, "centroid_lat": 50.814083}, "geometry": {"type": "Polygon", "coordinates": [[[4.437814452526038, 50.630859305180806], [4.437925077542225, 50.69723536735559], [4.333418097286075, 50.697259016860414], [4.333454355757373, 50.630882921794466], [4.437814452526038, 50.630859305180806]]]}}, {"type": "Feature", "properties": {"nis": "21008", "name_nl": "Ganshoren", "name_fr": "Ganshoren", "population": 25693, "grid_col": 16, "grid_row": 20, "displacement_km": 2.37, "centroid_lon": 4.309534, "centroid_lat": 50.874313}, "geometry": {"type": "Polygon", "coordinates": [[[4.333345273283172, 50.830008050809234], [4.333308706883548, 50.89638081179722], [4.228358688355235, 50.89631074758488], [4.228543385224921, 50.829938084176085], [4.333345273283172, 50.830008050809234]]]}}, {"type": "Feature", "properties": {"nis": "21009", "name_nl": "Elsene", "name_fr": "Ixelles", "population": 89897, "grid_col": 18, "grid_row": 17, "displacement_km": 19.33, "centroid_lon": 4.377061, "centroid_lat": 50.822268}, "geometry": {"type": "Polygon", "coordinates": [[[4.542174238767895, 50.630742397111206], [4.542431745958551, 50.697118296466925], [4.437925077542225, 50.69723536735559], [4.437814452526038, 50.630859305180806], [4.542174238767895, 50.630742397111206]]]}}, {"type": "Feature", "properties": {"nis": "21010", "name_nl": "Jette", "name_fr": "Jette", "population": 54390, "grid_col": 17, "grid_row": 20, "displacement_km": 4.98, "centroid_lon": 4.321319, "centroid_lat": 50.8817}, "geometry": {"type": "Polygon", "coordinates": [[[4.438147264418208, 50.82998433533879], [4.438258828926339, 50.89635706325189], [4.33330870688355, 50.89638081179722], [4.333345273283173, 50.830008050809234], [4.438147264418208, 50.82998433533879]]]}}, {"type": "Feature", "properties": {"nis": "21011", "name_nl": "Koekelberg", "name_fr": "Koekelberg", "population": 22979, "grid_col": 16, "grid_row": 19, "displacement_km": 7.96, "centroid_lon": 4.324136, "centroid_lat": 50.862929}, "geometry": {"type": "Polygon", "coordinates": [[[4.333381736605602, 50.76363408949536], [4.333345273283172, 50.830008050809234], [4.228543385224921, 50.829938084176085], [4.22872756145329, 50.76356422026011], [4.333381736605602, 50.76363408949536]]]}}, {"type": "Feature", "properties": {"nis": "21012", "name_nl": "Sint-Jans-Molenbeek", "name_fr": "Molenbeek-Saint-Jean", "population": 98713, "grid_col": 16, "grid_row": 18, "displacement_km": 14.13, "centroid_lon": 4.318553, "centroid_lat": 50.855179}, "geometry": {"type": "Polygon", "coordinates": [[[4.333418097286073, 50.697259016860414], [4.333381736605602, 50.76363408949536], [4.22872756145329, 50.76356422026011], [4.228911219238692, 50.697189244842384], [4.333418097286073, 50.697259016860414]]]}}, {"type": "Feature", "properties": {"nis": "21013", "name_nl": "Sint-Gillis", "name_fr": "Saint-Gilles", "population": 48827, "grid_col": 17, "grid_row": 18, "displacement_km": 11.39, "centroid_lon": 4.344646, "centroid_lat": 50.829481}, "geometry": {"type": "Polygon", "coordinates": [[[4.437925077542225, 50.69723536735559], [4.438036014399469, 50.76361040703835], [4.333381736605604, 50.76363408949536], [4.333418097286075, 50.697259016860414], [4.437925077542225, 50.69723536735559]]]}}, {"type": "Feature", "properties": {"nis": "21014", "name_nl": "Sint-Joost-ten-Node", "name_fr": "Saint-Josse-ten-Noode", "population": 27258, "grid_col": 17, "grid_row": 19, "displacement_km": 6.44, "centroid_lon": 4.369477, "centroid_lat": 50.853811}, "geometry": {"type": "Polygon", "coordinates": [[[4.438036014399469, 50.76361040703835], [4.438147264418208, 50.82998433533879], [4.333345273283173, 50.830008050809234], [4.333381736605604, 50.76363408949536], [4.438036014399469, 50.76361040703835]]]}}, {"type": "Feature", "properties": {"nis": "21015", "name_nl": "Schaarbeek", "name_fr": "Schaerbeek", "population": 129775, "grid_col": 18, "grid_row": 19, "displacement_km": 10.32, "centroid_lon": 4.386064, "centroid_lat": 50.861808}, "geometry": {"type": "Polygon", "coordinates": [[[4.542689979033085, 50.763493173028536], [4.542948941065101, 50.82986693790468], [4.438147264418208, 50.82998433533879], [4.438036014399469, 50.76361040703835], [4.542689979033085, 50.763493173028536]]]}}, {"type": "Feature", "properties": {"nis": "21016", "name_nl": "Ukkel", "name_fr": "Uccle", "population": 87194, "grid_col": 18, "grid_row": 16, "displacement_km": 23.23, "centroid_lon": 4.361388, "centroid_lat": 50.78989}, "geometry": {"type": "Polygon", "coordinates": [[[4.541917454404769, 50.5643655637379], [4.542174238767895, 50.630742397111206], [4.437814452526038, 50.630859305180806], [4.437704138037891, 50.56448230928943], [4.541917454404769, 50.5643655637379]]]}}, {"type": "Feature", "properties": {"nis": "21017", "name_nl": "Watermaal-Bosvoorde", "name_fr": "Watermael-Boitsfort", "population": 25327, "grid_col": 19, "grid_row": 16, "displacement_km": 24.86, "centroid_lon": 4.423591, "centroid_lat": 50.792964}, "geometry": {"type": "Polygon", "coordinates": [[[4.646130050986167, 50.564155657101814], [4.646533302185077, 50.63053219827155], [4.542174238767895, 50.630742397111206], [4.541917454404769, 50.5643655637379], [4.646130050986167, 50.564155657101814]]]}}, {"type": "Feature", "properties": {"nis": "21018", "name_nl": "Sint-Lambrechts-Woluwe", "name_fr": "Woluwe-Saint-Lambert", "population": 60956, "grid_col": 19, "grid_row": 18, "displacement_km": 17.43, "centroid_lon": 4.431456, "centroid_lat": 50.847796}, "geometry": {"type": "Polygon", "coordinates": [[[4.646937688493875, 50.69690780488252], [4.647343214712116, 50.76328238815629], [4.542689979033085, 50.763493173028536], [4.542431745958551, 50.697118296466925], [4.646937688493875, 50.69690780488252]]]}}, {"type": "Feature", "properties": {"nis": "21019", "name_nl": "Sint-Pieters-Woluwe", "name_fr": "Woluwe-Saint-Pierre", "population": 42549, "grid_col": 20, "grid_row": 17, "displacement_km": 25.94, "centroid_lon": 4.44309, "centroid_lat": 50.831047}, "geometry": {"type": "Polygon", "coordinates": [[[4.750891230496855, 50.63022870989504], [4.751442491124272, 50.69660389383963], [4.646937688493875, 50.69690780488252], [4.646533302185077, 50.63053219827155], [4.750891230496855, 50.63022870989504]]]}}, {"type": "Feature", "properties": {"nis": "23002", "name_nl": "Asse", "name_fr": "Asse", "population": 35882, "grid_col": 15, "grid_row": 21, "displacement_km": 3.71, "centroid_lon": 4.215289, "centroid_lat": 50.907293}, "geometry": {"type": "Polygon", "coordinates": [[[4.228358688355235, 50.89631074758488], [4.228173468633437, 50.96268212136631], [4.123075425371183, 50.96251801615292], [4.123409192676948, 50.89614687102901], [4.228358688355235, 50.89631074758488]]]}}, {"type": "Feature", "properties": {"nis": "23003", "name_nl": "Beersel", "name_fr": "Beersel", "population": 26593, "grid_col": 17, "grid_row": 15, "displacement_km": 25.08, "centroid_lon": 4.301746, "centroid_lat": 50.750423}, "geometry": {"type": "Polygon", "coordinates": [[[4.437594132772118, 50.498104468342014], [4.437704138037891, 50.56448230928943], [4.333490512449854, 50.56450589307274], [4.333526567791463, 50.49812801935553], [4.437594132772118, 50.498104468342014]]]}}, {"type": "Feature", "properties": {"nis": "23009", "name_nl": "Bever", "name_fr": "Biévène", "population": 2266, "grid_col": 13, "grid_row": 16, "displacement_km": 12.9, "centroid_lon": 3.932114, "centroid_lat": 50.710706}, "geometry": {"type": "Polygon", "coordinates": [[[4.020851886053413, 50.564017675159974], [4.020376325320914, 50.630394024250904], [3.916019109424258, 50.63004447912851], [3.916641129224569, 50.563668615944785], [4.020851886053413, 50.564017675159974]]]}}, {"type": "Feature", "properties": {"nis": "23016", "name_nl": "Dilbeek", "name_fr": "Dilbeek", "population": 45069, "grid_col": 15, "grid_row": 19, "displacement_km": 7.49, "centroid_lon": 4.233885, "centroid_lat": 50.853313}, "geometry": {"type": "Polygon", "coordinates": [[[4.22872756145329, 50.76356422026011], [4.228543385224921, 50.829938084176085], [4.123742017805913, 50.82977443585217], [4.124073904741884, 50.76340079974406], [4.22872756145329, 50.76356422026011]]]}}, {"type": "Feature", "properties": {"nis": "23025", "name_nl": "Grimbergen", "name_fr": "Grimbergen", "population": 40062, "grid_col": 18, "grid_row": 21, "displacement_km": 8.21, "centroid_lon": 4.376566, "centroid_lat": 50.944661}, "geometry": {"type": "Polygon", "coordinates": [[[4.54320863514558, 50.89623950208929], [4.543469064383003, 50.962610776461496], [4.438370709259283, 50.962728501657935], [4.438258828926339, 50.89635706325189], [4.54320863514558, 50.89623950208929]]]}}, {"type": "Feature", "properties": {"nis": "23027", "name_nl": "Halle", "name_fr": "Hal", "population": 42884, "grid_col": 16, "grid_row": 16, "displacement_km": 14.66, "centroid_lon": 4.237002, "centroid_lat": 50.726382}, "geometry": {"type": "Polygon", "coordinates": [[[4.333490512449852, 50.56450589307274], [4.333454355757371, 50.630882921794466], [4.229094360767117, 50.63081324681363], [4.229276988212287, 50.5644363149497], [4.333490512449852, 50.56450589307274]]]}}, {"type": "Feature", "properties": {"nis": "23033", "name_nl": "Hoeilaart", "name_fr": "Hoeilaart", "population": 11565, "grid_col": 20, "grid_row": 16, "displacement_km": 25.27, "centroid_lon": 4.450787, "centroid_lat": 50.761025}, "geometry": {"type": "Polygon", "coordinates": [[[4.750341517234777, 50.56385259061034], [4.750891230496855, 50.63022870989504], [4.646533302185077, 50.63053219827155], [4.646130050986167, 50.564155657101814], [4.750341517234777, 50.56385259061034]]]}}, {"type": "Feature", "properties": {"nis": "23038", "name_nl": "Kampenhout", "name_fr": "Kampenhout", "population": 12606, "grid_col": 21, "grid_row": 20, "displacement_km": 19.32, "centroid_lon": 4.5606, "centroid_lat": 50.941279}, "geometry": {"type": "Polygon", "coordinates": [[[4.857347908600364, 50.82895266351022], [4.858051965655608, 50.89532395261925], [4.753105622809209, 50.895722945246305], [4.752549680682344, 50.82935110046874], [4.857347908600364, 50.82895266351022]]]}}, {"type": "Feature", "properties": {"nis": "23039", "name_nl": "Kapelle-op-den-Bos", "name_fr": "Kapelle-op-den-Bos", "population": 9806, "grid_col": 17, "grid_row": 22, "displacement_km": 2.36, "centroid_lon": 4.354548, "centroid_lat": 51.003657}, "geometry": {"type": "Polygon", "coordinates": [[[4.438370709259283, 50.962728501657935], [4.438482906760028, 51.02909856132258], [4.333235263099446, 51.029122376202935], [4.333272036969033, 50.96275228333982], [4.438370709259283, 50.962728501657935]]]}}, {"type": "Feature", "properties": {"nis": "23044", "name_nl": "Liedekerke", "name_fr": "Liedekerke", "population": 14155, "grid_col": 13, "grid_row": 19, "displacement_km": 11.85, "centroid_lon": 4.09313, "centroid_lat": 50.86653}, "geometry": {"type": "Polygon", "coordinates": [[[4.01942118225838, 50.763143828909534], [4.018941588576158, 50.829517106802975], [3.914142515063248, 50.8291660985467], [3.914769809767506, 50.76279330926979], [4.01942118225838, 50.763143828909534]]]}}, {"type": "Feature", "properties": {"nis": "23045", "name_nl": "Londerzeel", "name_fr": "Londerzeel", "population": 19491, "grid_col": 16, "grid_row": 22, "displacement_km": 1.66, "centroid_lon": 4.276411, "centroid_lat": 51.010599}, "geometry": {"type": "Polygon", "coordinates": [[[4.333272036969031, 50.96275228333982], [4.333235263099445, 51.029122376202935], [4.227987723836193, 51.029052116285634], [4.228173468633437, 50.96268212136631], [4.333272036969031, 50.96275228333982]]]}}, {"type": "Feature", "properties": {"nis": "23047", "name_nl": "Machelen", "name_fr": "Machelen", "population": 16784, "grid_col": 19, "grid_row": 20, "displacement_km": 11.53, "centroid_lon": 4.444182, "centroid_lat": 50.902608}, "geometry": {"type": "Polygon", "coordinates": [[[4.647749885666449, 50.829655859199555], [4.648157706210815, 50.89602812900428], [4.54320863514558, 50.89623950208929], [4.542948941065101, 50.82986693790468], [4.647749885666449, 50.829655859199555]]]}}, {"type": "Feature", "properties": {"nis": "23050", "name_nl": "Meise", "name_fr": "Meise", "population": 20392, "grid_col": 17, "grid_row": 21, "displacement_km": 6.05, "centroid_lon": 4.315758, "centroid_lat": 50.961174}, "geometry": {"type": "Polygon", "coordinates": [[[4.438258828926339, 50.89635706325189], [4.438370709259283, 50.962728501657935], [4.333272036969033, 50.96275228333982], [4.33330870688355, 50.89638081179722], [4.438258828926339, 50.89635706325189]]]}}, {"type": "Feature", "properties": {"nis": "23052", "name_nl": "Merchtem", "name_fr": "Merchtem", "population": 18361, "grid_col": 15, "grid_row": 22, "displacement_km": 7.07, "centroid_lon": 4.247216, "centroid_lat": 50.951202}, "geometry": {"type": "Polygon", "coordinates": [[[4.228173468633437, 50.96268212136631], [4.227987723836193, 51.029052116285634], [4.122740711882222, 51.02888778198757], [4.123075425371183, 50.96251801615292], [4.228173468633437, 50.96268212136631]]]}}, {"type": "Feature", "properties": {"nis": "23060", "name_nl": "Opwijk", "name_fr": "Opwijk", "population": 15006, "grid_col": 14, "grid_row": 21, "displacement_km": 8.57, "centroid_lon": 4.180786, "centroid_lat": 50.962474}, "geometry": {"type": "Polygon", "coordinates": [[[4.123409192676948, 50.89614687102901], [4.123075425371183, 50.96251801615292], [4.017978328288332, 50.962259968671496], [4.018460639171696, 50.895889183098305], [4.123409192676948, 50.89614687102901]]]}}, {"type": "Feature", "properties": {"nis": "23062", "name_nl": "Overijse", "name_fr": "Overijse", "population": 26250, "grid_col": 21, "grid_row": 16, "displacement_km": 27.21, "centroid_lon": 4.532889, "centroid_lat": 50.771339}, "geometry": {"type": "Polygon", "coordinates": [[[4.854551442630011, 50.56345636603818], [4.855247611449405, 50.62983193376217], [4.750891230496855, 50.63022870989504], [4.750341517234777, 50.56385259061034], [4.854551442630011, 50.56345636603818]]]}}, {"type": "Feature", "properties": {"nis": "23064", "name_nl": "Pepingen", "name_fr": "Pepingen", "population": 4564, "grid_col": 15, "grid_row": 16, "displacement_km": 16.45, "centroid_lon": 4.147623, "centroid_lat": 50.744239}, "geometry": {"type": "Polygon", "coordinates": [[[4.229276988212287, 50.5644363149497], [4.229094360767117, 50.63081324681363], [4.124734879858091, 50.63065028064708], [4.12506397589443, 50.56427357532779], [4.229276988212287, 50.5644363149497]]]}}, {"type": "Feature", "properties": {"nis": "23077", "name_nl": "Sint-Pieters-Leeuw", "name_fr": "Sint-Pieters-Leeuw", "population": 36732, "grid_col": 15, "grid_row": 17, "displacement_km": 14.56, "centroid_lon": 4.244799, "centroid_lat": 50.787478}, "geometry": {"type": "Polygon", "coordinates": [[[4.229094360767117, 50.63081324681363], [4.228911219238692, 50.697189244842384], [4.12440485744624, 50.69702605171162], [4.124734879858091, 50.63065028064708], [4.229094360767117, 50.63081324681363]]]}}, {"type": "Feature", "properties": {"nis": "23081", "name_nl": "Steenokkerzeel", "name_fr": "Steenokkerzeel", "population": 12727, "grid_col": 20, "grid_row": 20, "displacement_km": 15.58, "centroid_lon": 4.499161, "centroid_lat": 50.921087}, "geometry": {"type": "Polygon", "coordinates": [[[4.752549680682344, 50.82935110046874], [4.753105622809209, 50.895722945246305], [4.648157706210815, 50.89602812900428], [4.647749885666449, 50.829655859199555], [4.752549680682344, 50.82935110046874]]]}}, {"type": "Feature", "properties": {"nis": "23086", "name_nl": "Ternat", "name_fr": "Ternat", "population": 16691, "grid_col": 14, "grid_row": 19, "displacement_km": 10.1, "centroid_lon": 4.160325, "centroid_lat": 50.867789}, "geometry": {"type": "Polygon", "coordinates": [[[4.124073904741884, 50.76340079974406], [4.123742017805913, 50.82977443585217], [4.01894158857616, 50.829517106802975], [4.019421182258382, 50.763143828909534], [4.124073904741884, 50.76340079974406]]]}}, {"type": "Feature", "properties": {"nis": "23088", "name_nl": "Vilvoorde", "name_fr": "Vilvorde", "population": 48040, "grid_col": 19, "grid_row": 21, "displacement_km": 11.39, "centroid_lon": 4.43388, "centroid_lat": 50.930247}, "geometry": {"type": "Polygon", "coordinates": [[[4.648157706210815, 50.89602812900428], [4.64856668122663, 50.962399108447684], [4.543469064383003, 50.962610776461496], [4.54320863514558, 50.89623950208929], [4.648157706210815, 50.89602812900428]]]}}, {"type": "Feature", "properties": {"nis": "23094", "name_nl": "Zaventem", "name_fr": "Zaventem", "population": 37271, "grid_col": 20, "grid_row": 19, "displacement_km": 17.18, "centroid_lon": 4.486638, "centroid_lat": 50.871218}, "geometry": {"type": "Polygon", "coordinates": [[[4.751995305659601, 50.76297805366289], [4.752549680682344, 50.82935110046874], [4.647749885666449, 50.829655859199555], [4.647343214712116, 50.76328238815629], [4.751995305659601, 50.76297805366289]]]}}, {"type": "Feature", "properties": {"nis": "23096", "name_nl": "Zemst", "name_fr": "Zemst", "population": 23369, "grid_col": 19, "grid_row": 22, "displacement_km": 9.88, "centroid_lon": 4.458044, "centroid_lat": 50.978939}, "geometry": {"type": "Polygon", "coordinates": [[[4.64856668122663, 50.962399108447684], [4.648976815622995, 51.028768708292354], [4.543730231903473, 51.0289806717859], [4.543469064383003, 50.962610776461496], [4.64856668122663, 50.962399108447684]]]}}, {"type": "Feature", "properties": {"nis": "23097", "name_nl": "Roosdaal", "name_fr": "Roosdaal", "population": 12021, "grid_col": 14, "grid_row": 18, "displacement_km": 12.09, "centroid_lon": 4.097371, "centroid_lat": 50.837537}, "geometry": {"type": "Polygon", "coordinates": [[[4.12440485744624, 50.69702605171162], [4.124073904741884, 50.76340079974406], [4.019421182258382, 50.763143828909534], [4.01989942594261, 50.69676943842734], [4.12440485744624, 50.69702605171162]]]}}, {"type": "Feature", "properties": {"nis": "23098", "name_nl": "Drogenbos", "name_fr": "Drogenbos", "population": 6040, "grid_col": 16, "grid_row": 17, "displacement_km": 14.53, "centroid_lon": 4.308942, "centroid_lat": 50.793449}, "geometry": {"type": "Polygon", "coordinates": [[[4.333454355757371, 50.630882921794466], [4.333418097286073, 50.697259016860414], [4.228911219238692, 50.697189244842384], [4.229094360767117, 50.63081324681363], [4.333454355757371, 50.630882921794466]]]}}, {"type": "Feature", "properties": {"nis": "23099", "name_nl": "Kraainem", "name_fr": "Kraainem", "population": 13940, "grid_col": 20, "grid_row": 18, "displacement_km": 20.57, "centroid_lon": 4.47143, "centroid_lat": 50.845306}, "geometry": {"type": "Polygon", "coordinates": [[[4.751442491124272, 50.69660389383963], [4.751995305659601, 50.76297805366289], [4.647343214712116, 50.76328238815629], [4.646937688493875, 50.69690780488252], [4.751442491124272, 50.69660389383963]]]}}, {"type": "Feature", "properties": {"nis": "23100", "name_nl": "Linkebeek", "name_fr": "Linkebeek", "population": 4646, "grid_col": 17, "grid_row": 16, "displacement_km": 19.15, "centroid_lon": 4.345494, "centroid_lat": 50.767909}, "geometry": {"type": "Polygon", "coordinates": [[[4.437704138037891, 50.56448230928943], [4.437814452526038, 50.630859305180806], [4.333454355757373, 50.630882921794466], [4.333490512449854, 50.56450589307274], [4.437704138037891, 50.56448230928943]]]}}, {"type": "Feature", "properties": {"nis": "23101", "name_nl": "Sint-Genesius-Rode", "name_fr": "Rhode-Saint-Genèse", "population": 18700, "grid_col": 18, "grid_row": 15, "displacement_km": 25.1, "centroid_lon": 4.373707, "centroid_lat": 50.744494}, "geometry": {"type": "Polygon", "coordinates": [[[4.541661389829958, 50.49798788500863], [4.541917454404769, 50.5643655637379], [4.437704138037891, 50.56448230928943], [4.437594132772118, 50.498104468342014], [4.541661389829958, 50.49798788500863]]]}}, {"type": "Feature", "properties": {"nis": "23102", "name_nl": "Wemmel", "name_fr": "Wemmel", "population": 18292, "grid_col": 16, "grid_row": 21, "displacement_km": 3.0, "centroid_lon": 4.309382, "centroid_lat": 50.909566}, "geometry": {"type": "Polygon", "coordinates": [[[4.333308706883548, 50.89638081179722], [4.333272036969031, 50.96275228333982], [4.228173468633437, 50.96268212136631], [4.228358688355235, 50.89631074758488], [4.333308706883548, 50.89638081179722]]]}}, {"type": "Feature", "properties": {"nis": "23103", "name_nl": "Wezembeek-Oppem", "name_fr": "Wezembeek-Oppem", "population": 14760, "grid_col": 21, "grid_row": 18, "displacement_km": 25.33, "centroid_lon": 4.492555, "centroid_lat": 50.843048}, "geometry": {"type": "Polygon", "coordinates": [[[4.855945739852916, 50.69620656512453], [4.856645836125868, 50.76258017134046], [4.751995305659601, 50.76297805366289], [4.751442491124272, 50.69660389383963], [4.855945739852916, 50.69620656512453]]]}}, {"type": "Feature", "properties": {"nis": "23104", "name_nl": "Lennik", "name_fr": "Lennik", "population": 9481, "grid_col": 14, "grid_row": 17, "displacement_km": 17.84, "centroid_lon": 4.163696, "centroid_lat": 50.813249}, "geometry": {"type": "Polygon", "coordinates": [[[4.124734879858091, 50.63065028064708], [4.12440485744624, 50.69702605171162], [4.01989942594261, 50.69676943842734], [4.020376325320916, 50.630394024250904], [4.124734879858091, 50.63065028064708]]]}}, {"type": "Feature", "properties": {"nis": "23105", "name_nl": "Affligem", "name_fr": "Affligem", "population": 13770, "grid_col": 14, "grid_row": 20, "displacement_km": 5.56, "centroid_lon": 4.115729, "centroid_lat": 50.904066}, "geometry": {"type": "Polygon", "coordinates": [[[4.123742017805913, 50.82977443585217], [4.123409192676948, 50.89614687102901], [4.018460639171696, 50.895889183098305], [4.01894158857616, 50.829517106802975], [4.123742017805913, 50.82977443585217]]]}}, {"type": "Feature", "properties": {"nis": "23106", "name_nl": "Pajottegem", "name_fr": "Pajottegem", "population": 25287, "grid_col": 13, "grid_row": 17, "displacement_km": 11.08, "centroid_lon": 4.042144, "centroid_lat": 50.751123}, "geometry": {"type": "Polygon", "coordinates": [[[4.020376325320914, 50.630394024250904], [4.019899425942608, 50.69676943842734], [3.915395338739574, 50.69641940649781], [3.916019109424258, 50.63004447912851], [4.020376325320914, 50.630394024250904]]]}}, {"type": "Feature", "properties": {"nis": "24001", "name_nl": "Aarschot", "name_fr": "Aarschot", "population": 31514, "grid_col": 24, "grid_row": 21, "displacement_km": 19.28, "centroid_lon": 4.864563, "centroid_lat": 50.988971}, "geometry": {"type": "Polygon", "coordinates": [[[5.172877359457413, 50.89356414787874], [5.17402895407806, 50.959931689460625], [5.068941344362816, 50.96061304163325], [5.067938253150462, 50.8942445507456], [5.172877359457413, 50.89356414787874]]]}}, {"type": "Feature", "properties": {"nis": "24007", "name_nl": "Begijnendijk", "name_fr": "Begijnendijk", "population": 10642, "grid_col": 23, "grid_row": 22, "displacement_km": 16.37, "centroid_lon": 4.784611, "centroid_lat": 51.00698}, "geometry": {"type": "Polygon", "coordinates": [[[5.068941344362816, 50.96061304163325], [5.069947278965791, 51.02698014827406], [4.964707889499431, 51.02756838943756], [4.963850891268342, 50.96120046281861], [5.068941344362816, 50.96061304163325]]]}}, {"type": "Feature", "properties": {"nis": "24008", "name_nl": "Bekkevoort", "name_fr": "Bekkevoort", "population": 6922, "grid_col": 25, "grid_row": 20, "displacement_km": 19.24, "centroid_lon": 4.977806, "centroid_lat": 50.934358}, "geometry": {"type": "Polygon", "coordinates": [[[5.276516800565752, 50.826422188699695], [5.277813215349451, 50.89278994890215], [5.172877359457413, 50.89356414787874], [5.171729015264664, 50.827195309537444], [5.276516800565752, 50.826422188699695]]]}}, {"type": "Feature", "properties": {"nis": "24009", "name_nl": "Bertem", "name_fr": "Bertem", "population": 10342, "grid_col": 22, "grid_row": 18, "displacement_km": 25.23, "centroid_lon": 4.609716, "centroid_lat": 50.853832}, "geometry": {"type": "Polygon", "coordinates": [[[4.960447020719911, 50.69571582107253], [4.961294390398443, 50.76208874353195], [4.856645836125868, 50.76258017134046], [4.855945739852916, 50.69620656512453], [4.960447020719911, 50.69571582107253]]]}}, {"type": "Feature", "properties": {"nis": "24011", "name_nl": "Bierbeek", "name_fr": "Bierbeek", "population": 10778, "grid_col": 23, "grid_row": 18, "displacement_km": 20.69, "centroid_lon": 4.767375, "centroid_lat": 50.830131}, "geometry": {"type": "Polygon", "coordinates": [[[5.064945919812144, 50.695131664567924], [5.065940552811955, 50.761503773131054], [4.961294390398445, 50.76208874353195], [4.960447020719913, 50.69571582107253], [5.064945919812144, 50.695131664567924]]]}}, {"type": "Feature", "properties": {"nis": "24014", "name_nl": "Boortmeerbeek", "name_fr": "Boortmeerbeek", "population": 13400, "grid_col": 20, "grid_row": 21, "displacement_km": 11.36, "centroid_lon": 4.560824, "centroid_lat": 50.98005}, "geometry": {"type": "Polygon", "coordinates": [[[4.753105622809209, 50.895722945246305], [4.753663138694358, 50.962093498870004], [4.64856668122663, 50.962399108447684], [4.648157706210815, 50.89602812900428], [4.753105622809209, 50.895722945246305]]]}}, {"type": "Feature", "properties": {"nis": "24016", "name_nl": "Boutersem", "name_fr": "Boutersem", "population": 8709, "grid_col": 24, "grid_row": 18, "displacement_km": 22.76, "centroid_lon": 4.842495, "centroid_lat": 50.834785}, "geometry": {"type": "Polygon", "coordinates": [[[5.169442023273093, 50.694454099043924], [5.170583907758034, 50.76082526358225], [5.065940552811955, 50.761503773131054], [5.064945919812144, 50.695131664567924], [5.169442023273093, 50.694454099043924]]]}}, {"type": "Feature", "properties": {"nis": "24020", "name_nl": "Diest", "name_fr": "Diest", "population": 25141, "grid_col": 25, "grid_row": 22, "displacement_km": 11.14, "centroid_lon": 5.069125, "centroid_lat": 51.001424}, "geometry": {"type": "Polygon", "coordinates": [[[5.279113299558806, 50.95915641033518], [5.280417068794237, 51.02552148373124], [5.17518381294628, 51.02629784502271], [5.17402895407806, 50.959931689460625], [5.279113299558806, 50.95915641033518]]]}}, {"type": "Feature", "properties": {"nis": "24028", "name_nl": "Geetbets", "name_fr": "Geetbets", "population": 6342, "grid_col": 26, "grid_row": 20, "displacement_km": 14.43, "centroid_lon": 5.131061, "centroid_lat": 50.891484}, "geometry": {"type": "Polygon", "coordinates": [[[5.381300931968226, 50.82555540691234], [5.382745401830486, 50.89192195839122], [5.277813215349452, 50.89278994890215], [5.276516800565754, 50.826422188699695], [5.381300931968226, 50.82555540691234]]]}}, {"type": "Feature", "properties": {"nis": "24033", "name_nl": "Haacht", "name_fr": "Haacht", "population": 15671, "grid_col": 21, "grid_row": 21, "displacement_km": 12.22, "centroid_lon": 4.641229, "centroid_lat": 50.964039}, "geometry": {"type": "Polygon", "coordinates": [[[4.858051965655608, 50.89532395261925], [4.858758015718243, 50.961693949538294], [4.753663138694358, 50.962093498870004], [4.753105622809209, 50.895722945246305], [4.858051965655608, 50.89532395261925]]]}}, {"type": "Feature", "properties": {"nis": "24038", "name_nl": "Herent", "name_fr": "Herent", "population": 23081, "grid_col": 22, "grid_row": 20, "displacement_km": 19.32, "centroid_lon": 4.646551, "centroid_lat": 50.910603}, "geometry": {"type": "Polygon", "coordinates": [[[4.962144151945541, 50.82846055067461], [4.962996315502578, 50.89483115348144], [4.858051965655608, 50.89532395261925], [4.857347908600364, 50.82895266351022], [4.962144151945541, 50.82846055067461]]]}}, {"type": "Feature", "properties": {"nis": "24041", "name_nl": "Hoegaarden", "name_fr": "Hoegaarden", "population": 6963, "grid_col": 24, "grid_row": 16, "displacement_km": 26.54, "centroid_lon": 4.87637, "centroid_lat": 50.779157}, "geometry": {"type": "Polygon", "coordinates": [[[5.167167869094051, 50.56170876976622], [5.168303348222217, 50.62808190483829], [5.063954082454685, 50.6287585280853], [5.06296502896979, 50.562384452477865], [5.167167869094051, 50.56170876976622]]]}}, {"type": "Feature", "properties": {"nis": "24043", "name_nl": "Holsbeek", "name_fr": "Holsbeek", "population": 10234, "grid_col": 23, "grid_row": 20, "displacement_km": 16.81, "centroid_lon": 4.801878, "centroid_lat": 50.929734}, "geometry": {"type": "Polygon", "coordinates": [[[5.066937993290349, 50.82787476486511], [5.067938253150462, 50.8942445507456], [4.96299631550258, 50.89483115348144], [4.962144151945543, 50.82846055067461], [5.066937993290349, 50.82787476486511]]]}}, {"type": "Feature", "properties": {"nis": "24045", "name_nl": "Huldenberg", "name_fr": "Huldenberg", "population": 10071, "grid_col": 22, "grid_row": 17, "displacement_km": 25.22, "centroid_lon": 4.611936, "centroid_lat": 50.789756}, "geometry": {"type": "Polygon", "coordinates": [[[4.959602032825583, 50.6293418722006], [4.960447020719911, 50.69571582107253], [4.855945739852916, 50.69620656512453], [4.855247611449405, 50.62983193376217], [4.959602032825583, 50.6293418722006]]]}}, {"type": "Feature", "properties": {"nis": "24048", "name_nl": "Keerbergen", "name_fr": "Keerbergen", "population": 13355, "grid_col": 22, "grid_row": 22, "displacement_km": 18.12, "centroid_lon": 4.654146, "centroid_lat": 51.005145}, "geometry": {"type": "Polygon", "coordinates": [[[4.96385089126834, 50.96120046281861], [4.96470788949943, 51.02756838943756], [4.859466067262685, 51.028062565023376], [4.858758015718243, 50.961693949538294], [4.96385089126834, 50.96120046281861]]]}}, {"type": "Feature", "properties": {"nis": "24054", "name_nl": "Kortenaken", "name_fr": "Kortenaken", "population": 7984, "grid_col": 25, "grid_row": 19, "displacement_km": 17.94, "centroid_lon": 5.023111, "centroid_lat": 50.893142}, "geometry": {"type": "Polygon", "coordinates": [[[5.275224039695224, 50.76005321888053], [5.276516800565752, 50.826422188699695], [5.171729015264664, 50.827195309537444], [5.170583907758034, 50.76082526358225], [5.275224039695224, 50.76005321888053]]]}}, {"type": "Feature", "properties": {"nis": "24055", "name_nl": "Kortenberg", "name_fr": "Kortenberg", "population": 21386, "grid_col": 21, "grid_row": 19, "displacement_km": 19.63, "centroid_lon": 4.568802, "centroid_lat": 50.890001}, "geometry": {"type": "Polygon", "coordinates": [[[4.856645836125868, 50.76258017134046], [4.857347908600364, 50.82895266351022], [4.752549680682344, 50.82935110046874], [4.751995305659601, 50.76297805366289], [4.856645836125868, 50.76258017134046]]]}}, {"type": "Feature", "properties": {"nis": "24059", "name_nl": "Landen", "name_fr": "Landen", "population": 16375, "grid_col": 25, "grid_row": 17, "displacement_km": 15.35, "centroid_lon": 5.06164, "centroid_lat": 50.754649}, "geometry": {"type": "Polygon", "coordinates": [[[5.272649418079663, 50.62731200642866], [5.273934917312687, 50.693683128482554], [5.169442023273093, 50.694454099043924], [5.168303348222217, 50.62808190483829], [5.272649418079663, 50.62731200642866]]]}}, {"type": "Feature", "properties": {"nis": "24062", "name_nl": "Leuven", "name_fr": "Louvain", "population": 104906, "grid_col": 22, "grid_row": 19, "displacement_km": 17.27, "centroid_lon": 4.705909, "centroid_lat": 50.882129}, "geometry": {"type": "Polygon", "coordinates": [[[4.961294390398443, 50.76208874353195], [4.962144151945541, 50.82846055067461], [4.857347908600364, 50.82895266351022], [4.856645836125868, 50.76258017134046], [4.961294390398443, 50.76208874353195]]]}}, {"type": "Feature", "properties": {"nis": "24066", "name_nl": "Lubbeek", "name_fr": "Lubbeek", "population": 15236, "grid_col": 23, "grid_row": 19, "displacement_km": 16.24, "centroid_lon": 4.82892, "centroid_lat": 50.881987}, "geometry": {"type": "Polygon", "coordinates": [[[5.065940552811955, 50.761503773131054], [5.066937993290349, 50.82787476486511], [4.962144151945543, 50.82846055067461], [4.961294390398445, 50.76208874353195], [5.065940552811955, 50.761503773131054]]]}}, {"type": "Feature", "properties": {"nis": "24086", "name_nl": "Oud-Heverlee", "name_fr": "Oud-Heverlee", "population": 11406, "grid_col": 23, "grid_row": 17, "displacement_km": 28.9, "centroid_lon": 4.686828, "centroid_lat": 50.819997}, "geometry": {"type": "Polygon", "coordinates": [[[5.063954082454685, 50.6287585280853], [5.064945919812144, 50.695131664567924], [4.960447020719913, 50.69571582107253], [4.959602032825584, 50.6293418722006], [5.063954082454685, 50.6287585280853]]]}}, {"type": "Feature", "properties": {"nis": "24094", "name_nl": "Rotselaar", "name_fr": "Rotselaar", "population": 17689, "grid_col": 23, "grid_row": 21, "displacement_km": 20.25, "centroid_lon": 4.732284, "centroid_lat": 50.959573}, "geometry": {"type": "Polygon", "coordinates": [[[5.067938253150462, 50.8942445507456], [5.068941344362816, 50.96061304163325], [4.963850891268342, 50.96120046281861], [4.96299631550258, 50.89483115348144], [5.067938253150462, 50.8942445507456]]]}}, {"type": "Feature", "properties": {"nis": "24104", "name_nl": "Tervuren", "name_fr": "Tervuren", "population": 23246, "grid_col": 21, "grid_row": 17, "displacement_km": 26.42, "centroid_lon": 4.52444, "centroid_lat": 50.821666}, "geometry": {"type": "Polygon", "coordinates": [[[4.855247611449405, 50.62983193376217], [4.855945739852916, 50.69620656512453], [4.751442491124272, 50.69660389383963], [4.750891230496855, 50.63022870989504], [4.855247611449405, 50.62983193376217]]]}}, {"type": "Feature", "properties": {"nis": "24107", "name_nl": "Tienen", "name_fr": "Tirlemont", "population": 36890, "grid_col": 24, "grid_row": 17, "displacement_km": 20.78, "centroid_lon": 4.941885, "centroid_lat": 50.811917}, "geometry": {"type": "Polygon", "coordinates": [[[5.168303348222217, 50.62808190483829], [5.169442023273093, 50.694454099043924], [5.064945919812144, 50.695131664567924], [5.063954082454685, 50.6287585280853], [5.168303348222217, 50.62808190483829]]]}}, {"type": "Feature", "properties": {"nis": "24109", "name_nl": "Tremelo", "name_fr": "Tremelo", "population": 15418, "grid_col": 22, "grid_row": 21, "displacement_km": 15.15, "centroid_lon": 4.726904, "centroid_lat": 50.999252}, "geometry": {"type": "Polygon", "coordinates": [[[4.962996315502578, 50.89483115348144], [4.96385089126834, 50.96120046281861], [4.858758015718243, 50.961693949538294], [4.858051965655608, 50.89532395261925], [4.962996315502578, 50.89483115348144]]]}}, {"type": "Feature", "properties": {"nis": "24130", "name_nl": "Zoutleeuw", "name_fr": "Léau", "population": 8766, "grid_col": 26, "grid_row": 18, "displacement_km": 19.97, "centroid_lon": 5.101228, "centroid_lat": 50.83498}, "geometry": {"type": "Polygon", "coordinates": [[[5.378424188217119, 50.69281875741459], [5.379860533158873, 50.75918764357153], [5.275224039695225, 50.76005321888053], [5.273934917312689, 50.693683128482554], [5.378424188217119, 50.69281875741459]]]}}, {"type": "Feature", "properties": {"nis": "24133", "name_nl": "Linter", "name_fr": "Linter", "population": 7354, "grid_col": 25, "grid_row": 18, "displacement_km": 16.43, "centroid_lon": 5.042017, "centroid_lat": 50.820739}, "geometry": {"type": "Polygon", "coordinates": [[[5.273934917312687, 50.693683128482554], [5.275224039695224, 50.76005321888053], [5.170583907758034, 50.76082526358225], [5.169442023273093, 50.694454099043924], [5.273934917312687, 50.693683128482554]]]}}, {"type": "Feature", "properties": {"nis": "24134", "name_nl": "Scherpenheuvel-Zichem", "name_fr": "Montaigu-Zichem", "population": 24200, "grid_col": 25, "grid_row": 21, "displacement_km": 19.77, "centroid_lon": 4.968537, "centroid_lat": 50.998069}, "geometry": {"type": "Polygon", "coordinates": [[[5.277813215349451, 50.89278994890215], [5.279113299558806, 50.95915641033518], [5.17402895407806, 50.959931689460625], [5.172877359457413, 50.89356414787874], [5.277813215349451, 50.89278994890215]]]}}, {"type": "Feature", "properties": {"nis": "24135", "name_nl": "Tielt-Winge", "name_fr": "Tielt-Winge", "population": 11568, "grid_col": 24, "grid_row": 20, "displacement_km": 17.19, "centroid_lon": 4.896483, "centroid_lat": 50.92332}, "geometry": {"type": "Polygon", "coordinates": [[[5.171729015264664, 50.827195309537444], [5.172877359457413, 50.89356414787874], [5.067938253150462, 50.8942445507456], [5.066937993290349, 50.82787476486511], [5.171729015264664, 50.827195309537444]]]}}, {"type": "Feature", "properties": {"nis": "24137", "name_nl": "Glabbeek", "name_fr": "Glabbeek", "population": 5449, "grid_col": 24, "grid_row": 19, "displacement_km": 14.41, "centroid_lon": 4.949409, "centroid_lat": 50.866991}, "geometry": {"type": "Polygon", "coordinates": [[[5.170583907758034, 50.76082526358225], [5.171729015264664, 50.827195309537444], [5.066937993290349, 50.82787476486511], [5.065940552811955, 50.761503773131054], [5.170583907758034, 50.76082526358225]]]}}, {"type": "Feature", "properties": {"nis": "25005", "name_nl": "Bevekom", "name_fr": "Beauvechain", "population": 7242, "grid_col": 23, "grid_row": 16, "displacement_km": 26.57, "centroid_lon": 4.764631, "centroid_lat": 50.776131}, "geometry": {"type": "Polygon", "coordinates": [[[5.06296502896979, 50.562384452477865], [5.063954082454685, 50.6287585280853], [4.959602032825584, 50.6293418722006], [4.958759416687699, 50.56296698570549], [5.06296502896979, 50.562384452477865]]]}}, {"type": "Feature", "properties": {"nis": "25014", "name_nl": "Eigenbrakel", "name_fr": "Braine-l’Alleud", "population": 40756, "grid_col": 18, "grid_row": 14, "displacement_km": 25.08, "centroid_lon": 4.354702, "centroid_lat": 50.673308}, "geometry": {"type": "Polygon", "coordinates": [[[4.541406042021264, 50.43160944947001], [4.541661389829958, 50.49798788500863], [4.437594132772118, 50.498104468342014], [4.437484435430373, 50.43172587088414], [4.541406042021264, 50.43160944947001]]]}}, {"type": "Feature", "properties": {"nis": "25015", "name_nl": "Kasteelbrakel", "name_fr": "Braine-le-Château", "population": 10638, "grid_col": 17, "grid_row": 14, "displacement_km": 24.94, "centroid_lon": 4.284008, "centroid_lat": 50.679657}, "geometry": {"type": "Polygon", "coordinates": [[[4.437484435430373, 50.43172587088414], [4.437594132772118, 50.498104468342014], [4.333526567791463, 50.49812801935553], [4.33356252220775, 50.43174938918828], [4.437484435430373, 50.43172587088414]]]}}, {"type": "Feature", "properties": {"nis": "25018", "name_nl": "Chaumont-Gistoux", "name_fr": "Chaumont-Gistoux", "population": 11894, "grid_col": 22, "grid_row": 15, "displacement_km": 23.2, "centroid_lon": 4.690624, "centroid_lat": 50.687133}, "geometry": {"type": "Polygon", "coordinates": [[[4.957919162334712, 50.49659125026155], [4.958759416687697, 50.56296698570549], [4.854551442630011, 50.56345636603818], [4.85385722515585, 50.49707995062249], [4.957919162334712, 50.49659125026155]]]}}, {"type": "Feature", "properties": {"nis": "25023", "name_nl": "Court-Saint-Etienne", "name_fr": "Court-Saint-Etienne", "population": 10927, "grid_col": 20, "grid_row": 13, "displacement_km": 27.13, "centroid_lon": 4.562574, "centroid_lat": 50.626448}, "geometry": {"type": "Polygon", "coordinates": [[[4.748701596763505, 50.36471950680327], [4.749246706819492, 50.43109790057071], [4.645326934854139, 50.43140012562511], [4.644927060455694, 50.3650213123002], [4.748701596763505, 50.36471950680327]]]}}, {"type": "Feature", "properties": {"nis": "25031", "name_nl": "Genepiën", "name_fr": "Genappe", "population": 16160, "grid_col": 19, "grid_row": 13, "displacement_km": 25.49, "centroid_lon": 4.456058, "centroid_lat": 50.610169}, "geometry": {"type": "Polygon", "coordinates": [[[4.644927060455694, 50.3650213123002], [4.645326934854139, 50.43140012562511], [4.541406042021264, 50.43160944947001], [4.541151407973381, 50.36523034555365], [4.644927060455694, 50.3650213123002]]]}}, {"type": "Feature", "properties": {"nis": "25037", "name_nl": "Graven", "name_fr": "Grez-Doiceau", "population": 14014, "grid_col": 22, "grid_row": 16, "displacement_km": 22.93, "centroid_lon": 4.688059, "centroid_lat": 50.74844}, "geometry": {"type": "Polygon", "coordinates": [[[4.958759416687697, 50.56296698570549], [4.959602032825583, 50.6293418722006], [4.855247611449405, 50.62983193376217], [4.854551442630011, 50.56345636603818], [4.958759416687697, 50.56296698570549]]]}}, {"type": "Feature", "properties": {"nis": "25043", "name_nl": "Incourt", "name_fr": "Incourt", "population": 5658, "grid_col": 23, "grid_row": 14, "displacement_km": 30.82, "centroid_lon": 4.781542, "centroid_lat": 50.699107}, "geometry": {"type": "Polygon", "coordinates": [[[5.060995226867941, 50.429633838492094], [5.061978747653643, 50.49600952642527], [4.957919162334714, 50.49659125026155], [4.957081259850901, 50.43021475442811], [5.060995226867941, 50.429633838492094]]]}}, {"type": "Feature", "properties": {"nis": "25044", "name_nl": "Itter", "name_fr": "Ittre", "population": 6963, "grid_col": 16, "grid_row": 14, "displacement_km": 19.82, "centroid_lon": 4.257634, "centroid_lat": 50.642422}, "geometry": {"type": "Polygon", "coordinates": [[[4.333562522207748, 50.43174938918828], [4.333526567791461, 50.49812801935553], [4.229459103735731, 50.49805853791155], [4.229640709486884, 50.43168000424521], [4.333562522207748, 50.43174938918828]]]}}, {"type": "Feature", "properties": {"nis": "25048", "name_nl": "Geldenaken", "name_fr": "Jodoigne", "population": 14935, "grid_col": 23, "grid_row": 15, "displacement_km": 24.54, "centroid_lon": 4.860416, "centroid_lat": 50.72841}, "geometry": {"type": "Polygon", "coordinates": [[[5.061978747653643, 50.49600952642527], [5.06296502896979, 50.562384452477865], [4.958759416687699, 50.56296698570549], [4.957919162334714, 50.49659125026155], [5.061978747653643, 50.49600952642527]]]}}, {"type": "Feature", "properties": {"nis": "25050", "name_nl": "Terhulpen", "name_fr": "La Hulpe", "population": 7482, "grid_col": 19, "grid_row": 15, "displacement_km": 24.58, "centroid_lon": 4.464904, "centroid_lat": 50.736258}, "geometry": {"type": "Polygon", "coordinates": [[[4.645727930124496, 50.49777827003682], [4.646130050986167, 50.564155657101814], [4.541917454404769, 50.5643655637379], [4.541661389829958, 50.49798788500863], [4.645727930124496, 50.49777827003682]]]}}, {"type": "Feature", "properties": {"nis": "25068", "name_nl": "Mont-Saint-Guibert", "name_fr": "Mont-Saint-Guibert", "population": 8451, "grid_col": 22, "grid_row": 14, "displacement_km": 27.81, "centroid_lon": 4.623253, "centroid_lat": 50.637389}, "geometry": {"type": "Polygon", "coordinates": [[[4.9570812598509, 50.43021475442811], [4.957919162334712, 50.49659125026155], [4.85385722515585, 50.49707995062249], [4.853164950834161, 50.430702776069985], [4.9570812598509, 50.43021475442811]]]}}, {"type": "Feature", "properties": {"nis": "25072", "name_nl": "Nijvel", "name_fr": "Nivelles", "population": 29429, "grid_col": 18, "grid_row": 13, "displacement_km": 24.73, "centroid_lon": 4.332237, "centroid_lat": 50.596968}, "geometry": {"type": "Polygon", "coordinates": [[[4.541151407973381, 50.36523034555365], [4.541406042021264, 50.43160944947001], [4.437484435430373, 50.43172587088414], [4.43737504472156, 50.36534660534633], [4.541151407973381, 50.36523034555365]]]}}, {"type": "Feature", "properties": {"nis": "25084", "name_nl": "Perwijs", "name_fr": "Perwez", "population": 9844, "grid_col": 23, "grid_row": 13, "displacement_km": 30.63, "centroid_lon": 4.789829, "centroid_lat": 50.634192}, "geometry": {"type": "Polygon", "coordinates": [[[5.060014455039434, 50.36325747712777], [5.060995226867941, 50.429633838492094], [4.957081259850901, 50.43021475442811], [4.956245699375962, 50.3638375866493], [5.060014455039434, 50.36325747712777]]]}}, {"type": "Feature", "properties": {"nis": "25091", "name_nl": "Rixensart", "name_fr": "Rixensart", "population": 23052, "grid_col": 20, "grid_row": 15, "displacement_km": 24.39, "centroid_lon": 4.525825, "centroid_lat": 50.720795}, "geometry": {"type": "Polygon", "coordinates": [[[4.749793344832147, 50.4974756246518], [4.750341517234777, 50.56385259061034], [4.646130050986167, 50.564155657101814], [4.645727930124496, 50.49777827003682], [4.749793344832147, 50.4974756246518]]]}}, {"type": "Feature", "properties": {"nis": "25105", "name_nl": "Tubeke", "name_fr": "Tubize", "population": 28716, "grid_col": 16, "grid_row": 15, "displacement_km": 18.81, "centroid_lon": 4.190575, "centroid_lat": 50.690167}, "geometry": {"type": "Polygon", "coordinates": [[[4.333526567791461, 50.49812801935553], [4.333490512449852, 50.56450589307274], [4.229276988212287, 50.5644363149497], [4.229459103735731, 50.49805853791155], [4.333526567791461, 50.49812801935553]]]}}, {"type": "Feature", "properties": {"nis": "25107", "name_nl": "Villers-la-Ville", "name_fr": "Villers-la-Ville", "population": 11059, "grid_col": 20, "grid_row": 12, "displacement_km": 28.36, "centroid_lon": 4.526624, "centroid_lat": 50.562442}, "geometry": {"type": "Polygon", "coordinates": [[[4.748158008266794, 50.29834053167059], [4.748701596763505, 50.36471950680327], [4.644927060455694, 50.3650213123002], [4.644528302236112, 50.2986419183804], [4.748158008266794, 50.29834053167059]]]}}, {"type": "Feature", "properties": {"nis": "25110", "name_nl": "Waterloo", "name_fr": "Waterloo", "population": 30389, "grid_col": 19, "grid_row": 14, "displacement_km": 30.4, "centroid_lon": 4.403513, "centroid_lat": 50.709729}, "geometry": {"type": "Polygon", "coordinates": [[[4.645326934854139, 50.43140012562511], [4.645727930124496, 50.49777827003682], [4.541661389829958, 50.49798788500863], [4.541406042021264, 50.43160944947001], [4.645326934854139, 50.43140012562511]]]}}, {"type": "Feature", "properties": {"nis": "25112", "name_nl": "Waver", "name_fr": "Wavre", "population": 35581, "grid_col": 21, "grid_row": 15, "displacement_km": 25.37, "centroid_lon": 4.593294, "centroid_lat": 50.715834}, "geometry": {"type": "Polygon", "coordinates": [[[4.85385722515585, 50.49707995062249], [4.854551442630011, 50.56345636603818], [4.750341517234777, 50.56385259061034], [4.749793344832147, 50.4974756246518], [4.85385722515585, 50.49707995062249]]]}}, {"type": "Feature", "properties": {"nis": "25117", "name_nl": "Chastre", "name_fr": "Chastre", "population": 7813, "grid_col": 21, "grid_row": 13, "displacement_km": 24.77, "centroid_lon": 4.623281, "centroid_lat": 50.589458}, "geometry": {"type": "Polygon", "coordinates": [[[4.852474611517983, 50.36432493082043], [4.853164950834161, 50.430702776069985], [4.749246706819492, 50.43109790057071], [4.748701596763505, 50.36471950680327], [4.852474611517983, 50.36432493082043]]]}}, {"type": "Feature", "properties": {"nis": "25118", "name_nl": "Hélécine", "name_fr": "Hélécine", "population": 3894, "grid_col": 25, "grid_row": 16, "displacement_km": 23.95, "centroid_lon": 4.982781, "centroid_lat": 50.748393}, "geometry": {"type": "Polygon", "coordinates": [[[5.271367526743761, 50.560939941526726], [5.272649418079663, 50.62731200642866], [5.168303348222217, 50.62808190483829], [5.167167869094051, 50.56170876976622], [5.271367526743761, 50.560939941526726]]]}}, {"type": "Feature", "properties": {"nis": "25119", "name_nl": "Lasne", "name_fr": "Lasne", "population": 14175, "grid_col": 20, "grid_row": 14, "displacement_km": 29.44, "centroid_lon": 4.461665, "centroid_lat": 50.682341}, "geometry": {"type": "Polygon", "coordinates": [[[4.749246706819492, 50.43109790057071], [4.749793344832147, 50.4974756246518], [4.645727930124496, 50.49777827003682], [4.645326934854139, 50.43140012562511], [4.749246706819492, 50.43109790057071]]]}}, {"type": "Feature", "properties": {"nis": "25120", "name_nl": "Orp-Jauche", "name_fr": "Orp-Jauche", "population": 9092, "grid_col": 24, "grid_row": 15, "displacement_km": 20.86, "centroid_lon": 4.963323, "centroid_lat": 50.689864}, "geometry": {"type": "Polygon", "coordinates": [[[5.166035572452969, 50.49533478251348], [5.167167869094051, 50.56170876976622], [5.06296502896979, 50.562384452477865], [5.061978747653643, 50.49600952642527], [5.166035572452969, 50.49533478251348]]]}}, {"type": "Feature", "properties": {"nis": "25121", "name_nl": "Ottignies-Louvain-la-Neuve", "name_fr": "Ottignies-Louvain-la-Neuve", "population": 31766, "grid_col": 21, "grid_row": 14, "displacement_km": 28.44, "centroid_lon": 4.564271, "centroid_lat": 50.670381}, "geometry": {"type": "Polygon", "coordinates": [[[4.853164950834161, 50.430702776069985], [4.85385722515585, 50.49707995062249], [4.749793344832147, 50.4974756246518], [4.749246706819492, 50.43109790057071], [4.853164950834161, 50.430702776069985]]]}}, {"type": "Feature", "properties": {"nis": "25122", "name_nl": "Ramillies", "name_fr": "Ramillies", "population": 6710, "grid_col": 24, "grid_row": 14, "displacement_km": 26.94, "centroid_lon": 4.886081, "centroid_lat": 50.656644}, "geometry": {"type": "Polygon", "coordinates": [[[5.16490644493855, 50.42896003165082], [5.166035572452969, 50.49533478251348], [5.061978747653643, 50.49600952642527], [5.060995226867941, 50.429633838492094], [5.16490644493855, 50.42896003165082]]]}}, {"type": "Feature", "properties": {"nis": "25123", "name_nl": "Rebecq", "name_fr": "Rebecq", "population": 11185, "grid_col": 15, "grid_row": 15, "displacement_km": 15.96, "centroid_lon": 4.130389, "centroid_lat": 50.671488}, "geometry": {"type": "Polygon", "coordinates": [[[4.229459103735731, 50.49805853791155], [4.229276988212287, 50.5644363149497], [4.12506397589443, 50.56427357532779], [4.125392149450293, 50.49789602441617], [4.229459103735731, 50.49805853791155]]]}}, {"type": "Feature", "properties": {"nis": "25124", "name_nl": "Walhain", "name_fr": "Walhain", "population": 7556, "grid_col": 22, "grid_row": 13, "displacement_km": 29.9, "centroid_lon": 4.697247, "centroid_lat": 50.631268}, "geometry": {"type": "Polygon", "coordinates": [[[4.956245699375962, 50.3638375866493], [4.9570812598509, 50.43021475442811], [4.853164950834161, 50.430702776069985], [4.852474611517983, 50.36432493082043], [4.956245699375962, 50.3638375866493]]]}}, {"type": "Feature", "properties": {"nis": "31003", "name_nl": "Beernem", "name_fr": "Beernem", "population": 16318, "grid_col": 7, "grid_row": 25, "displacement_km": 4.46, "centroid_lon": 3.336703, "centroid_lat": 51.150697}, "geometry": {"type": "Polygon", "coordinates": [[[3.383295605387209, 51.15782796802963], [3.381906546243334, 51.22418775468154], [3.276229773305242, 51.2232670591115], [3.277768991429228, 51.15690855759968], [3.383295605387209, 51.15782796802963]]]}}, {"type": "Feature", "properties": {"nis": "31004", "name_nl": "Blankenberge", "name_fr": "Blankenberge", "population": 20654, "grid_col": 6, "grid_row": 27, "displacement_km": 6.11, "centroid_lon": 3.139703, "centroid_lat": 51.301639}, "geometry": {"type": "Polygon", "coordinates": [[[3.274686167724592, 51.28962381085125], [3.273138155902537, 51.35597872296558], [3.167164204698773, 51.35496074541795], [3.168863214166577, 51.288607255565005], [3.274686167724592, 51.28962381085125]]]}}, {"type": "Feature", "properties": {"nis": "31005", "name_nl": "Brugge", "name_fr": "Bruges", "population": 120283, "grid_col": 6, "grid_row": 25, "displacement_km": 6.63, "centroid_lon": 3.214383, "centroid_lat": 51.248822}, "geometry": {"type": "Polygon", "coordinates": [[[3.277768991429228, 51.15690855759968], [3.276229773305242, 51.2232670591115], [3.170557387806046, 51.22225192341297], [3.172246746232146, 51.155894838824885], [3.277768991429228, 51.15690855759968]]]}}, {"type": "Feature", "properties": {"nis": "31006", "name_nl": "Damme", "name_fr": "Damme", "population": 11278, "grid_col": 7, "grid_row": 26, "displacement_km": 0.53, "centroid_lon": 3.327302, "centroid_lat": 51.252214}, "geometry": {"type": "Polygon", "coordinates": [[[3.381906546243334, 51.22418775468154], [3.380513527506117, 51.29054579397778], [3.274686167724592, 51.28962381085125], [3.276229773305242, 51.2232670591115], [3.381906546243334, 51.22418775468154]]]}}, {"type": "Feature", "properties": {"nis": "31012", "name_nl": "Jabbeke", "name_fr": "Jabbeke", "population": 14932, "grid_col": 5, "grid_row": 25, "displacement_km": 1.55, "centroid_lon": 3.096381, "centroid_lat": 51.188634}, "geometry": {"type": "Polygon", "coordinates": [[[3.172246746232146, 51.155894838824885], [3.170557387806046, 51.22225192341297], [3.06488981750072, 51.221142353641476], [3.066729295731107, 51.15478681774086], [3.172246746232146, 51.155894838824885]]]}}, {"type": "Feature", "properties": {"nis": "31022", "name_nl": "Oostkamp", "name_fr": "Oostkamp", "population": 24142, "grid_col": 6, "grid_row": 24, "displacement_km": 0.53, "centroid_lon": 3.230305, "centroid_lat": 51.119344}, "geometry": {"type": "Polygon", "coordinates": [[[3.27930384077467, 51.09054839605461], [3.277768991429228, 51.15690855759968], [3.172246746232146, 51.155894838824885], [3.173931309942843, 51.08953609154918], [3.27930384077467, 51.09054839605461]]]}}, {"type": "Feature", "properties": {"nis": "31033", "name_nl": "Torhout", "name_fr": "Torhout", "population": 21159, "grid_col": 4, "grid_row": 23, "displacement_km": 5.58, "centroid_lon": 3.095503, "centroid_lat": 51.062297}, "geometry": {"type": "Polygon", "coordinates": [[[3.070392612774105, 51.022070838818024], [3.068563553425396, 51.088429616251666], [2.963200995232605, 51.087228976736974], [2.965179302488141, 51.020871873449124], [3.070392612774105, 51.022070838818024]]]}}, {"type": "Feature", "properties": {"nis": "31040", "name_nl": "Zedelgem", "name_fr": "Zedelgem", "population": 23635, "grid_col": 5, "grid_row": 24, "displacement_km": 1.09, "centroid_lon": 3.134288, "centroid_lat": 51.126602}, "geometry": {"type": "Polygon", "coordinates": [[[3.173931309942843, 51.08953609154918], [3.172246746232146, 51.155894838824885], [3.066729295731107, 51.15478681774086], [3.068563553425398, 51.088429616251666], [3.173931309942843, 51.08953609154918]]]}}, {"type": "Feature", "properties": {"nis": "31042", "name_nl": "Zuienkerke", "name_fr": "Zuienkerke", "population": 2657, "grid_col": 6, "grid_row": 26, "displacement_km": 6.37, "centroid_lon": 3.131392, "centroid_lat": 51.253904}, "geometry": {"type": "Polygon", "coordinates": [[[3.276229773305242, 51.2232670591115], [3.274686167724592, 51.28962381085125], [3.168863214166577, 51.288607255565005], [3.170557387806046, 51.22225192341297], [3.276229773305242, 51.2232670591115]]]}}, {"type": "Feature", "properties": {"nis": "31043", "name_nl": "Knokke-Heist", "name_fr": "Knokke-Heist", "population": 32415, "grid_col": 7, "grid_row": 27, "displacement_km": 1.67, "centroid_lon": 3.307927, "centroid_lat": 51.332542}, "geometry": {"type": "Polygon", "coordinates": [[[3.380513527506117, 51.29054579397778], [3.379116532221802, 51.356901996073724], [3.273138155902537, 51.35597872296558], [3.274686167724592, 51.28962381085125], [3.380513527506117, 51.29054579397778]]]}}, {"type": "Feature", "properties": {"nis": "32003", "name_nl": "Diksmuide", "name_fr": "Dixmude", "population": 17337, "grid_col": 2, "grid_row": 23, "displacement_km": 3.4, "centroid_lon": 2.854228, "centroid_lat": 51.047368}, "geometry": {"type": "Polygon", "coordinates": [[[2.859971590549147, 51.01957888222347], [2.857844059249166, 51.08593418013908], [2.752493169223989, 51.084545234150845], [2.7547698989094, 51.01819187280864], [2.859971590549147, 51.01957888222347]]]}}, {"type": "Feature", "properties": {"nis": "32006", "name_nl": "Houthulst", "name_fr": "Houthulst", "population": 10525, "grid_col": 2, "grid_row": 22, "displacement_km": 6.42, "centroid_lon": 2.896428, "centroid_lat": 50.97002}, "geometry": {"type": "Polygon", "coordinates": [[[2.862093101525719, 50.953222091398324], [2.859971590549147, 51.01957888222347], [2.7547698989094, 51.01819187280864], [2.757040186462406, 50.9518370149429], [2.862093101525719, 50.953222091398324]]]}}, {"type": "Feature", "properties": {"nis": "32010", "name_nl": "Koekelare", "name_fr": "Koekelare", "population": 8801, "grid_col": 3, "grid_row": 23, "displacement_km": 5.4, "centroid_lon": 2.96381, "centroid_lat": 51.089042}, "geometry": {"type": "Polygon", "coordinates": [[[2.965179302488141, 51.020871873449124], [2.963200995232605, 51.087228976736974], [2.857844059249166, 51.08593418013908], [2.859971590549147, 51.01957888222347], [2.965179302488141, 51.020871873449124]]]}}, {"type": "Feature", "properties": {"nis": "32011", "name_nl": "Kortemark", "name_fr": "Kortemark", "population": 12882, "grid_col": 3, "grid_row": 22, "displacement_km": 7.48, "centroid_lon": 3.001796, "centroid_lat": 51.024784}, "geometry": {"type": "Polygon", "coordinates": [[[2.967152011374235, 50.95451328062128], [2.965179302488141, 51.020871873449124], [2.859971590549147, 51.01957888222347], [2.862093101525719, 50.953222091398324], [2.967152011374235, 50.95451328062128]]]}}, {"type": "Feature", "properties": {"nis": "32030", "name_nl": "Lo-Reninge", "name_fr": "Lo-Reninge", "population": 3183, "grid_col": 1, "grid_row": 22, "displacement_km": 5.7, "centroid_lon": 2.775326, "centroid_lat": 50.960603}, "geometry": {"type": "Polygon", "coordinates": [[[2.757040186462406, 50.9518370149429], [2.7547698989094, 51.01819187280864], [2.64957464937621, 51.01671085342912], [2.651993686206132, 50.95035805945254], [2.757040186462406, 50.9518370149429]]]}}, {"type": "Feature", "properties": {"nis": "33011", "name_nl": "Ieper", "name_fr": "Ypres", "population": 35587, "grid_col": 1, "grid_row": 20, "displacement_km": 11.16, "centroid_lon": 2.866429, "centroid_lat": 50.8543}, "geometry": {"type": "Polygon", "coordinates": [[[2.761561544215986, 50.81912316732834], [2.759304059182705, 50.885480750004305], [2.654405888333843, 50.88400385455852], [2.656811284679372, 50.81764832809632], [2.761561544215986, 50.81912316732834]]]}}, {"type": "Feature", "properties": {"nis": "33016", "name_nl": "Mesen", "name_fr": "Messines", "population": 1071, "grid_col": 2, "grid_row": 18, "displacement_km": 7.18, "centroid_lon": 2.897661, "centroid_lat": 50.759743}, "geometry": {"type": "Polygon", "coordinates": [[[2.870519450329033, 50.687781786030726], [2.868421766938391, 50.75414365526767], [2.763812668555017, 50.75276435613531], [2.766057459040713, 50.68640440553026], [2.870519450329033, 50.687781786030726]]]}}, {"type": "Feature", "properties": {"nis": "33021", "name_nl": "Poperinge", "name_fr": "Poperinge", "population": 19962, "grid_col": 0, "grid_row": 20, "displacement_km": 6.34, "centroid_lon": 2.691535, "centroid_lat": 50.861038}, "geometry": {"type": "Polygon", "coordinates": [[[2.656811284679372, 50.81764832809632], [2.654405888333843, 50.88400385455852], [2.549514523240012, 50.88243321948781], [2.552067802140852, 50.81607987965451], [2.656811284679372, 50.81764832809632]]]}}, {"type": "Feature", "properties": {"nis": "33029", "name_nl": "Wervik", "name_fr": "Wervik", "population": 19207, "grid_col": 3, "grid_row": 19, "displacement_km": 9.96, "centroid_lon": 3.056538, "centroid_lat": 50.81018}, "geometry": {"type": "Polygon", "coordinates": [[[2.97303678442448, 50.75542945857944], [2.971080728815048, 50.8217919839333], [2.866318164421544, 50.82050438865535], [2.868421766938391, 50.75414365526767], [2.97303678442448, 50.75542945857944]]]}}, {"type": "Feature", "properties": {"nis": "33037", "name_nl": "Zonnebeke", "name_fr": "Zonnebeke", "population": 12769, "grid_col": 2, "grid_row": 20, "displacement_km": 13.51, "centroid_lon": 3.003603, "centroid_lat": 50.866535}, "geometry": {"type": "Polygon", "coordinates": [[[2.866318164421544, 50.82050438865535], [2.864208617693096, 50.88686389710141], [2.759304059182705, 50.885480750004305], [2.761561544215986, 50.81912316732834], [2.866318164421544, 50.82050438865535]]]}}, {"type": "Feature", "properties": {"nis": "33039", "name_nl": "Heuvelland", "name_fr": "Heuvelland", "population": 8021, "grid_col": 2, "grid_row": 19, "displacement_km": 1.64, "centroid_lon": 2.830349, "centroid_lat": 50.77551}, "geometry": {"type": "Polygon", "coordinates": [[[2.868421766938391, 50.75414365526767], [2.866318164421544, 50.82050438865535], [2.761561544215986, 50.81912316732834], [2.763812668555017, 50.75276435613531], [2.868421766938391, 50.75414365526767]]]}}, {"type": "Feature", "properties": {"nis": "33040", "name_nl": "Langemark-Poelkapelle", "name_fr": "Langemark-Poelkapelle", "population": 8202, "grid_col": 2, "grid_row": 21, "displacement_km": 8.35, "centroid_lon": 2.929305, "centroid_lat": 50.915923}, "geometry": {"type": "Polygon", "coordinates": [[[2.864208617693096, 50.88686389710141], [2.862093101525719, 50.953222091398324], [2.757040186462406, 50.9518370149429], [2.759304059182705, 50.885480750004305], [2.864208617693096, 50.88686389710141]]]}}, {"type": "Feature", "properties": {"nis": "33041", "name_nl": "Vleteren", "name_fr": "Vleteren", "population": 3583, "grid_col": 1, "grid_row": 21, "displacement_km": 2.56, "centroid_lon": 2.741487, "centroid_lat": 50.913668}, "geometry": {"type": "Polygon", "coordinates": [[[2.759304059182705, 50.885480750004305], [2.757040186462406, 50.9518370149429], [2.651993686206132, 50.95035805945254], [2.654405888333843, 50.88400385455852], [2.759304059182705, 50.885480750004305]]]}}, {"type": "Feature", "properties": {"nis": "34002", "name_nl": "Anzegem", "name_fr": "Anzegem", "population": 15246, "grid_col": 8, "grid_row": 19, "displacement_km": 4.23, "centroid_lon": 3.453896, "centroid_lat": 50.830707}, "geometry": {"type": "Polygon", "coordinates": [[[3.496186133690483, 50.760455792201704], [3.494968127387947, 50.82682532315598], [3.390182093889593, 50.826005960977795], [3.391547746160635, 50.75963757051198], [3.496186133690483, 50.760455792201704]]]}}, {"type": "Feature", "properties": {"nis": "34003", "name_nl": "Avelgem", "name_fr": "Avelgem", "population": 10450, "grid_col": 8, "grid_row": 18, "displacement_km": 5.69, "centroid_lon": 3.453689, "centroid_lat": 50.777654}, "geometry": {"type": "Polygon", "coordinates": [[[3.497400711843959, 50.694085141709216], [3.496186133690483, 50.760455792201704], [3.391547746160635, 50.75963757051198], [3.39290955485788, 50.69326805839297], [3.497400711843959, 50.694085141709216]]]}}, {"type": "Feature", "properties": {"nis": "34009", "name_nl": "Deerlijk", "name_fr": "Deerlijk", "population": 12690, "grid_col": 7, "grid_row": 20, "displacement_km": 2.73, "centroid_lon": 3.366196, "centroid_lat": 50.84256}, "geometry": {"type": "Polygon", "coordinates": [[[3.390182093889593, 50.826005960977795], [3.388812581750511, 50.892373140748724], [3.283882361337492, 50.89145884688843], [3.285399920243907, 50.825092940305154], [3.390182093889593, 50.826005960977795]]]}}, {"type": "Feature", "properties": {"nis": "34013", "name_nl": "Harelbeke", "name_fr": "Harelbeke", "population": 30311, "grid_col": 6, "grid_row": 21, "displacement_km": 8.62, "centroid_lon": 3.307378, "centroid_lat": 50.863783}, "geometry": {"type": "Polygon", "coordinates": [[[3.283882361337492, 50.89145884688843], [3.282360507313844, 50.95782345124686], [3.177286134629864, 50.95681396735512], [3.178956436024554, 50.890450769359916], [3.283882361337492, 50.89145884688843]]]}}, {"type": "Feature", "properties": {"nis": "34022", "name_nl": "Kortrijk", "name_fr": "Courtrai", "population": 80776, "grid_col": 6, "grid_row": 19, "displacement_km": 2.37, "centroid_lon": 3.264555, "centroid_lat": 50.799997}, "geometry": {"type": "Polygon", "coordinates": [[[3.286913202189319, 50.75872582066208], [3.285399920243907, 50.825092940305154], [3.180622023542192, 50.82408626652331], [3.182282917108047, 50.7577205480197], [3.286913202189319, 50.75872582066208]]]}}, {"type": "Feature", "properties": {"nis": "34023", "name_nl": "Kuurne", "name_fr": "Kuurne", "population": 14244, "grid_col": 6, "grid_row": 20, "displacement_km": 2.79, "centroid_lon": 3.271645, "centroid_lat": 50.860162}, "geometry": {"type": "Polygon", "coordinates": [[[3.285399920243907, 50.825092940305154], [3.283882361337492, 50.89145884688843], [3.178956436024554, 50.890450769359916], [3.180622023542192, 50.82408626652331], [3.285399920243907, 50.825092940305154]]]}}, {"type": "Feature", "properties": {"nis": "34025", "name_nl": "Lendelede", "name_fr": "Lendelede", "population": 5849, "grid_col": 5, "grid_row": 20, "displacement_km": 8.05, "centroid_lon": 3.231982, "centroid_lat": 50.88597}, "geometry": {"type": "Polygon", "coordinates": [[[3.180622023542192, 50.82408626652331], [3.178956436024554, 50.890450769359916], [3.074035224569847, 50.88934891411998], [3.075848820773575, 50.82298594556961], [3.180622023542192, 50.82408626652331]]]}}, {"type": "Feature", "properties": {"nis": "34027", "name_nl": "Menen", "name_fr": "Menin", "population": 34585, "grid_col": 4, "grid_row": 19, "displacement_km": 9.18, "centroid_lon": 3.154448, "centroid_lat": 50.792515}, "geometry": {"type": "Polygon", "coordinates": [[[3.077657306146863, 50.75662175850279], [3.075848820773573, 50.82298594556961], [2.971080728815048, 50.8217919839333], [2.97303678442448, 50.75542945857944], [3.077657306146863, 50.75662175850279]]]}}, {"type": "Feature", "properties": {"nis": "34040", "name_nl": "Waregem", "name_fr": "Waregem", "population": 40436, "grid_col": 8, "grid_row": 20, "displacement_km": 3.63, "centroid_lon": 3.40249, "centroid_lat": 50.880624}, "geometry": {"type": "Polygon", "coordinates": [[[3.494968127387947, 50.82682532315598], [3.493746678402561, 50.89319364553788], [3.388812581750511, 50.892373140748724], [3.390182093889593, 50.826005960977795], [3.494968127387947, 50.82682532315598]]]}}, {"type": "Feature", "properties": {"nis": "34041", "name_nl": "Wevelgem", "name_fr": "Wevelgem", "population": 31940, "grid_col": 5, "grid_row": 19, "displacement_km": 5.55, "centroid_lon": 3.174007, "centroid_lat": 50.83133}, "geometry": {"type": "Polygon", "coordinates": [[[3.182282917108047, 50.7577205480197], [3.180622023542192, 50.82408626652331], [3.075848820773575, 50.82298594556961], [3.077657306146865, 50.75662175850279], [3.182282917108047, 50.7577205480197]]]}}, {"type": "Feature", "properties": {"nis": "34042", "name_nl": "Zwevegem", "name_fr": "Zwevegem", "population": 25870, "grid_col": 7, "grid_row": 19, "displacement_km": 2.48, "centroid_lon": 3.372548, "centroid_lat": 50.786914}, "geometry": {"type": "Polygon", "coordinates": [[[3.391547746160635, 50.75963757051198], [3.390182093889593, 50.826005960977795], [3.285399920243907, 50.825092940305154], [3.286913202189319, 50.75872582066208], [3.391547746160635, 50.75963757051198]]]}}, {"type": "Feature", "properties": {"nis": "34043", "name_nl": "Spiere-Helkijn", "name_fr": "Espierres-Helchin", "population": 2053, "grid_col": 7, "grid_row": 18, "displacement_km": 1.68, "centroid_lon": 3.362716, "centroid_lat": 50.730473}, "geometry": {"type": "Polygon", "coordinates": [[[3.39290955485788, 50.69326805839297], [3.391547746160635, 50.75963757051198], [3.286913202189319, 50.75872582066208], [3.288422225227778, 50.69235757700928], [3.39290955485788, 50.69326805839297]]]}}, {"type": "Feature", "properties": {"nis": "35002", "name_nl": "Bredene", "name_fr": "Bredene", "population": 18196, "grid_col": 4, "grid_row": 26, "displacement_km": 2.99, "centroid_lon": 2.97607, "centroid_lat": 51.238288}, "geometry": {"type": "Polygon", "coordinates": [[[3.064889817500719, 51.221142353641476], [3.063045096417255, 51.287496134194555], [2.957232243943985, 51.286290453380246], [2.959227490027242, 51.219938356415405], [3.064889817500719, 51.221142353641476]]]}}, {"type": "Feature", "properties": {"nis": "35005", "name_nl": "Gistel", "name_fr": "Gistel", "population": 12117, "grid_col": 3, "grid_row": 24, "displacement_km": 4.21, "centroid_lon": 2.943151, "centroid_lat": 51.151139}, "geometry": {"type": "Polygon", "coordinates": [[[2.963200995232605, 51.087228976736974], [2.961217065745084, 51.15358450094421], [2.855710481966589, 51.15228789559246], [2.857844059249166, 51.08593418013908], [2.963200995232605, 51.087228976736974]]]}}, {"type": "Feature", "properties": {"nis": "35006", "name_nl": "Ichtegem", "name_fr": "Ichtegem", "population": 14622, "grid_col": 4, "grid_row": 24, "displacement_km": 1.45, "centroid_lon": 3.030811, "centroid_lat": 51.112672}, "geometry": {"type": "Polygon", "coordinates": [[[3.068563553425396, 51.088429616251666], [3.066729295731105, 51.15478681774086], [2.961217065745084, 51.15358450094421], [2.963200995232605, 51.087228976736974], [3.068563553425396, 51.088429616251666]]]}}, {"type": "Feature", "properties": {"nis": "35011", "name_nl": "Middelkerke", "name_fr": "Middelkerke", "population": 20023, "grid_col": 2, "grid_row": 25, "displacement_km": 4.32, "centroid_lon": 2.838443, "centroid_lat": 51.153463}, "geometry": {"type": "Polygon", "coordinates": [[[2.855710481966589, 51.15228789559246], [2.853570832896225, 51.218639938915956], [2.747920273480546, 51.217247108886795], [2.750209969951373, 51.15089700940381], [2.855710481966589, 51.15228789559246]]]}}, {"type": "Feature", "properties": {"nis": "35013", "name_nl": "Oostende", "name_fr": "Ostende", "population": 72817, "grid_col": 3, "grid_row": 25, "displacement_km": 2.95, "centroid_lon": 2.923395, "centroid_lat": 51.210706}, "geometry": {"type": "Polygon", "coordinates": [[[2.961217065745084, 51.15358450094421], [2.959227490027242, 51.219938356415405], [2.853570832896225, 51.218639938915956], [2.855710481966589, 51.15228789559246], [2.961217065745084, 51.15358450094421]]]}}, {"type": "Feature", "properties": {"nis": "35014", "name_nl": "Oudenburg", "name_fr": "Oudenburg", "population": 10231, "grid_col": 4, "grid_row": 25, "displacement_km": 0.16, "centroid_lon": 3.012192, "centroid_lat": 51.186075}, "geometry": {"type": "Polygon", "coordinates": [[[3.066729295731105, 51.15478681774086], [3.064889817500719, 51.221142353641476], [2.959227490027242, 51.219938356415405], [2.961217065745084, 51.15358450094421], [3.066729295731105, 51.15478681774086]]]}}, {"type": "Feature", "properties": {"nis": "35029", "name_nl": "De Haan", "name_fr": "De Haan", "population": 12627, "grid_col": 5, "grid_row": 26, "displacement_km": 4.91, "centroid_lon": 3.04731, "centroid_lat": 51.261617}, "geometry": {"type": "Polygon", "coordinates": [[[3.170557387806046, 51.22225192341297], [3.168863214166577, 51.288607255565005], [3.063045096417257, 51.287496134194555], [3.06488981750072, 51.221142353641476], [3.170557387806046, 51.22225192341297]]]}}, {"type": "Feature", "properties": {"nis": "36006", "name_nl": "Hooglede", "name_fr": "Hooglede", "population": 10312, "grid_col": 4, "grid_row": 22, "displacement_km": 4.47, "centroid_lon": 3.082345, "centroid_lat": 50.989426}, "geometry": {"type": "Polygon", "coordinates": [[[3.07221649584217, 50.9557105749693], [3.070392612774105, 51.022070838818024], [2.965179302488141, 51.020871873449124], [2.967152011374235, 50.95451328062128], [3.07221649584217, 50.9557105749693]]]}}, {"type": "Feature", "properties": {"nis": "36007", "name_nl": "Ingelmunster", "name_fr": "Ingelmunster", "population": 11597, "grid_col": 6, "grid_row": 22, "displacement_km": 7.99, "centroid_lon": 3.260719, "centroid_lat": 50.921498}, "geometry": {"type": "Polygon", "coordinates": [[[3.282360507313844, 50.95782345124686], [3.280834339913827, 51.024186664100505], [3.175611099319932, 51.0231757712196], [3.177286134629864, 50.95681396735512], [3.282360507313844, 50.95782345124686]]]}}, {"type": "Feature", "properties": {"nis": "36008", "name_nl": "Izegem", "name_fr": "Izegem", "population": 29427, "grid_col": 5, "grid_row": 21, "displacement_km": 5.61, "centroid_lon": 3.205389, "centroid_lat": 50.921037}, "geometry": {"type": "Polygon", "coordinates": [[[3.178956436024554, 50.890450769359916], [3.177286134629864, 50.95681396735512], [3.072216495842172, 50.9557105749693], [3.074035224569847, 50.88934891411998], [3.178956436024554, 50.890450769359916]]]}}, {"type": "Feature", "properties": {"nis": "36010", "name_nl": "Ledegem", "name_fr": "Ledegem", "population": 9775, "grid_col": 4, "grid_row": 20, "displacement_km": 9.11, "centroid_lon": 3.149283, "centroid_lat": 50.871857}, "geometry": {"type": "Polygon", "coordinates": [[[3.075848820773573, 50.82298594556961], [3.074035224569845, 50.88934891411998], [2.969119145618595, 50.88815328767912], [2.971080728815048, 50.8217919839333], [3.075848820773573, 50.82298594556961]]]}}, {"type": "Feature", "properties": {"nis": "36011", "name_nl": "Lichtervelde", "name_fr": "Lichtervelde", "population": 9437, "grid_col": 5, "grid_row": 23, "displacement_km": 3.54, "centroid_lon": 3.146164, "centroid_lat": 51.027811}, "geometry": {"type": "Polygon", "coordinates": [[[3.175611099319932, 51.0231757712196], [3.173931309942843, 51.08953609154918], [3.068563553425398, 51.088429616251666], [3.070392612774106, 51.022070838818024], [3.175611099319932, 51.0231757712196]]]}}, {"type": "Feature", "properties": {"nis": "36012", "name_nl": "Moorslede", "name_fr": "Moorslede", "population": 11504, "grid_col": 3, "grid_row": 20, "displacement_km": 11.73, "centroid_lon": 3.078992, "centroid_lat": 50.880845}, "geometry": {"type": "Polygon", "coordinates": [[[2.971080728815048, 50.8217919839333], [2.969119145618595, 50.88815328767912], [2.864208617693096, 50.88686389710141], [2.866318164421544, 50.82050438865535], [2.971080728815048, 50.8217919839333]]]}}, {"type": "Feature", "properties": {"nis": "36015", "name_nl": "Roeselare", "name_fr": "Roulers", "population": 66888, "grid_col": 4, "grid_row": 21, "displacement_km": 8.11, "centroid_lon": 3.133585, "centroid_lat": 50.936909}, "geometry": {"type": "Polygon", "coordinates": [[[3.074035224569845, 50.88934891411998], [3.07221649584217, 50.9557105749693], [2.967152011374235, 50.95451328062128], [2.969119145618595, 50.88815328767912], [3.074035224569845, 50.88934891411998]]]}}, {"type": "Feature", "properties": {"nis": "36019", "name_nl": "Staden", "name_fr": "Staden", "population": 11696, "grid_col": 3, "grid_row": 21, "displacement_km": 8.14, "centroid_lon": 3.018943, "centroid_lat": 50.953745}, "geometry": {"type": "Polygon", "coordinates": [[[2.969119145618595, 50.88815328767912], [2.967152011374235, 50.95451328062128], [2.862093101525719, 50.953222091398324], [2.864208617693096, 50.88686389710141], [2.969119145618595, 50.88815328767912]]]}}, {"type": "Feature", "properties": {"nis": "37002", "name_nl": "Dentergem", "name_fr": "Dentergem", "population": 8673, "grid_col": 8, "grid_row": 22, "displacement_km": 4.92, "centroid_lon": 3.406475, "centroid_lat": 50.953272}, "geometry": {"type": "Polygon", "coordinates": [[[3.492521772118269, 50.95956067019841], [3.491293393836162, 51.02592630787378], [3.386061912229469, 51.025103511464735], [3.387439193356921, 50.958739020668176], [3.492521772118269, 50.95956067019841]]]}}, {"type": "Feature", "properties": {"nis": "37010", "name_nl": "Oostrozebeke", "name_fr": "Oostrozebeke", "population": 8013, "grid_col": 7, "grid_row": 22, "displacement_km": 6.77, "centroid_lon": 3.337318, "centroid_lat": 50.930635}, "geometry": {"type": "Polygon", "coordinates": [[[3.387439193356921, 50.958739020668176], [3.386061912229469, 51.025103511464735], [3.280834339913827, 51.024186664100505], [3.282360507313844, 50.95782345124686], [3.387439193356921, 50.958739020668176]]]}}, {"type": "Feature", "properties": {"nis": "37011", "name_nl": "Pittem", "name_fr": "Pittem", "population": 6971, "grid_col": 6, "grid_row": 23, "displacement_km": 6.77, "centroid_lon": 3.265509, "centroid_lat": 51.000992}, "geometry": {"type": "Polygon", "coordinates": [[[3.280834339913827, 51.024186664100505], [3.27930384077467, 51.09054839605461], [3.173931309942843, 51.08953609154918], [3.175611099319932, 51.0231757712196], [3.280834339913827, 51.024186664100505]]]}}, {"type": "Feature", "properties": {"nis": "37017", "name_nl": "Wielsbeke", "name_fr": "Wielsbeke", "population": 10256, "grid_col": 7, "grid_row": 21, "displacement_km": 2.66, "centroid_lon": 3.367323, "centroid_lat": 50.912066}, "geometry": {"type": "Polygon", "coordinates": [[[3.388812581750511, 50.892373140748724], [3.387439193356921, 50.958739020668176], [3.282360507313844, 50.95782345124686], [3.283882361337492, 50.89145884688843], [3.388812581750511, 50.892373140748724]]]}}, {"type": "Feature", "properties": {"nis": "37020", "name_nl": "Ardooie", "name_fr": "Ardooie", "population": 9514, "grid_col": 5, "grid_row": 22, "displacement_km": 5.63, "centroid_lon": 3.20308, "centroid_lat": 50.981632}, "geometry": {"type": "Polygon", "coordinates": [[[3.177286134629864, 50.95681396735512], [3.175611099319932, 51.0231757712196], [3.070392612774106, 51.022070838818024], [3.072216495842172, 50.9557105749693], [3.177286134629864, 50.95681396735512]]]}}, {"type": "Feature", "properties": {"nis": "37021", "name_nl": "Wingene", "name_fr": "Wingene", "population": 20781, "grid_col": 7, "grid_row": 24, "displacement_km": 7.71, "centroid_lon": 3.297714, "centroid_lat": 51.058173}, "geometry": {"type": "Polygon", "coordinates": [[[3.384680721795263, 51.09146652375218], [3.383295605387209, 51.15782796802963], [3.277768991429228, 51.15690855759968], [3.27930384077467, 51.09054839605461], [3.384680721795263, 51.09146652375218]]]}}, {"type": "Feature", "properties": {"nis": "37022", "name_nl": "Tielt", "name_fr": "Tielt", "population": 31908, "grid_col": 7, "grid_row": 23, "displacement_km": 7.6, "centroid_lon": 3.343105, "centroid_lat": 50.989861}, "geometry": {"type": "Polygon", "coordinates": [[[3.386061912229469, 51.025103511464735], [3.384680721795263, 51.09146652375218], [3.27930384077467, 51.09054839605461], [3.280834339913827, 51.024186664100505], [3.386061912229469, 51.025103511464735]]]}}, {"type": "Feature", "properties": {"nis": "38002", "name_nl": "Alveringem", "name_fr": "Alveringem", "population": 4966, "grid_col": 0, "grid_row": 21, "displacement_km": 8.53, "centroid_lon": 2.677733, "centroid_lat": 50.975698}, "geometry": {"type": "Polygon", "coordinates": [[[2.654405888333843, 50.88400385455852], [2.651993686206132, 50.95035805945254], [2.546954020624728, 50.94878523367958], [2.549514523240012, 50.88243321948781], [2.654405888333843, 50.88400385455852]]]}}, {"type": "Feature", "properties": {"nis": "38008", "name_nl": "De Panne", "name_fr": "La Panne", "population": 10874, "grid_col": 0, "grid_row": 23, "displacement_km": 3.56, "centroid_lon": 2.588251, "centroid_lat": 51.080729}, "geometry": {"type": "Polygon", "coordinates": [[[2.64957464937621, 51.01671085342912], [2.647148748759985, 51.0830621470238], [2.54181122130386, 51.08148492756799], [2.544386263601782, 51.01513583286602], [2.64957464937621, 51.01671085342912]]]}}, {"type": "Feature", "properties": {"nis": "38014", "name_nl": "Koksijde", "name_fr": "Koksijde", "population": 21344, "grid_col": 1, "grid_row": 24, "displacement_km": 1.47, "centroid_lon": 2.679266, "centroid_lat": 51.111966}, "geometry": {"type": "Polygon", "coordinates": [[[2.752493169223989, 51.084545234150845], [2.750209969951373, 51.15089700940381], [2.64471595510815, 51.14941185065701], [2.647148748759985, 51.0830621470238], [2.752493169223989, 51.084545234150845]]]}}, {"type": "Feature", "properties": {"nis": "38016", "name_nl": "Nieuwpoort", "name_fr": "Nieuport", "population": 11399, "grid_col": 2, "grid_row": 24, "displacement_km": 2.85, "centroid_lon": 2.764777, "centroid_lat": 51.125046}, "geometry": {"type": "Polygon", "coordinates": [[[2.857844059249166, 51.08593418013908], [2.855710481966589, 51.15228789559246], [2.750209969951373, 51.15089700940381], [2.752493169223989, 51.084545234150845], [2.857844059249166, 51.08593418013908]]]}}, {"type": "Feature", "properties": {"nis": "38025", "name_nl": "Veurne", "name_fr": "Furnes", "population": 12564, "grid_col": 1, "grid_row": 23, "displacement_km": 2.58, "centroid_lon": 2.664738, "centroid_lat": 51.046637}, "geometry": {"type": "Polygon", "coordinates": [[[2.7547698989094, 51.01819187280864], [2.752493169223989, 51.084545234150845], [2.647148748759985, 51.0830621470238], [2.64957464937621, 51.01671085342912], [2.7547698989094, 51.01819187280864]]]}}, {"type": "Feature", "properties": {"nis": "41002", "name_nl": "Aalst", "name_fr": "Alost", "population": 92131, "grid_col": 13, "grid_row": 21, "displacement_km": 7.45, "centroid_lon": 4.068747, "centroid_lat": 50.944682}, "geometry": {"type": "Polygon", "coordinates": [[[4.018460639171695, 50.895889183098305], [4.01797832828833, 50.962259968671496], [3.912882598468198, 50.961907980450185], [3.913513447139905, 50.895537685315915], [4.018460639171695, 50.895889183098305]]]}}, {"type": "Feature", "properties": {"nis": "41011", "name_nl": "Denderleeuw", "name_fr": "Denderleeuw", "population": 21257, "grid_col": 13, "grid_row": 20, "displacement_km": 6.99, "centroid_lon": 4.058115, "centroid_lat": 50.886356}, "geometry": {"type": "Polygon", "coordinates": [[[4.018941588576158, 50.829517106802975], [4.018460639171695, 50.895889183098305], [3.913513447139905, 50.895537685315915], [3.914142515063248, 50.8291660985467], [4.018941588576158, 50.829517106802975]]]}}, {"type": "Feature", "properties": {"nis": "41018", "name_nl": "Geraardsbergen", "name_fr": "Grammont", "population": 35236, "grid_col": 12, "grid_row": 17, "displacement_km": 13.29, "centroid_lon": 3.904025, "centroid_lat": 50.779648}, "geometry": {"type": "Polygon", "coordinates": [[[3.916019109424258, 50.63004447912851], [3.915395338739574, 50.69641940649781], [3.81089300981696, 50.695975957980416], [3.811663644405058, 50.62960164733053], [3.916019109424258, 50.63004447912851]]]}}, {"type": "Feature", "properties": {"nis": "41024", "name_nl": "Haaltert", "name_fr": "Haaltert", "population": 19517, "grid_col": 12, "grid_row": 20, "displacement_km": 9.62, "centroid_lon": 3.993377, "centroid_lat": 50.88466}, "geometry": {"type": "Polygon", "coordinates": [[[3.914142515063248, 50.8291660985467], [3.913513447139905, 50.895537685315915], [3.808568035849365, 50.89509237975948], [3.809345214762355, 50.828721413154156], [3.914142515063248, 50.8291660985467]]]}}, {"type": "Feature", "properties": {"nis": "41027", "name_nl": "Herzele", "name_fr": "Herzele", "population": 19179, "grid_col": 12, "grid_row": 19, "displacement_km": 8.58, "centroid_lon": 3.892437, "centroid_lat": 50.870493}, "geometry": {"type": "Polygon", "coordinates": [[[3.914769809767506, 50.76279330926979], [3.914142515063248, 50.8291660985467], [3.809345214762355, 50.828721413154156], [3.810120203001808, 50.76234924288891], [3.914769809767506, 50.76279330926979]]]}}, {"type": "Feature", "properties": {"nis": "41034", "name_nl": "Lede", "name_fr": "Lede", "population": 19425, "grid_col": 12, "grid_row": 22, "displacement_km": 6.81, "centroid_lon": 3.945621, "centroid_lat": 50.96612}, "geometry": {"type": "Polygon", "coordinates": [[[3.912882598468198, 50.961907980450185], [3.91224996147616, 51.02827689470751], [3.807007068743624, 51.02783034534998], [3.807788656961233, 50.96146205357347], [3.912882598468198, 50.961907980450185]]]}}, {"type": "Feature", "properties": {"nis": "41048", "name_nl": "Ninove", "name_fr": "Ninove", "population": 40580, "grid_col": 13, "grid_row": 18, "displacement_km": 11.03, "centroid_lon": 4.004775, "centroid_lat": 50.826061}, "geometry": {"type": "Polygon", "coordinates": [[[4.019899425942608, 50.69676943842734], [4.01942118225838, 50.763143828909534], [3.914769809767506, 50.76279330926979], [3.915395338739574, 50.69641940649781], [4.019899425942608, 50.69676943842734]]]}}, {"type": "Feature", "properties": {"nis": "41063", "name_nl": "Sint-Lievens-Houtem", "name_fr": "Sint-Lievens-Houtem", "population": 10748, "grid_col": 11, "grid_row": 21, "displacement_km": 8.46, "centroid_lon": 3.875917, "centroid_lat": 50.931015}, "geometry": {"type": "Polygon", "coordinates": [[[3.808568035849365, 50.89509237975948], [3.807788656961233, 50.96146205357347], [3.702696924774891, 50.96092219068201], [3.703624824525177, 50.894553269061014], [3.808568035849365, 50.89509237975948]]]}}, {"type": "Feature", "properties": {"nis": "41081", "name_nl": "Zottegem", "name_fr": "Zottegem", "population": 28236, "grid_col": 11, "grid_row": 20, "displacement_km": 3.51, "centroid_lon": 3.805525, "centroid_lat": 50.867687}, "geometry": {"type": "Polygon", "coordinates": [[[3.809345214762355, 50.828721413154156], [3.808568035849365, 50.89509237975948], [3.703624824525177, 50.894553269061014], [3.704550105126277, 50.828183053248786], [3.809345214762355, 50.828721413154156]]]}}, {"type": "Feature", "properties": {"nis": "41082", "name_nl": "Erpe-Mere", "name_fr": "Erpe-Mere", "population": 21117, "grid_col": 12, "grid_row": 21, "displacement_km": 6.47, "centroid_lon": 3.952042, "centroid_lat": 50.921516}, "geometry": {"type": "Polygon", "coordinates": [[[3.913513447139905, 50.895537685315915], [3.912882598468198, 50.961907980450185], [3.807788656961233, 50.96146205357347], [3.808568035849365, 50.89509237975948], [3.913513447139905, 50.895537685315915]]]}}, {"type": "Feature", "properties": {"nis": "42003", "name_nl": "Berlare", "name_fr": "Berlare", "population": 15425, "grid_col": 12, "grid_row": 23, "displacement_km": 8.85, "centroid_lon": 3.979151, "centroid_lat": 51.036299}, "geometry": {"type": "Polygon", "coordinates": [[[3.91224996147616, 51.02827689470751], [3.911615528548834, 51.0946443387313], [3.806223261789099, 51.09419716572831], [3.807007068743624, 51.02783034534998], [3.91224996147616, 51.02827689470751]]]}}, {"type": "Feature", "properties": {"nis": "42004", "name_nl": "Buggenhout", "name_fr": "Buggenhout", "population": 15079, "grid_col": 15, "grid_row": 23, "displacement_km": 5.84, "centroid_lon": 4.199034, "centroid_lat": 51.011863}, "geometry": {"type": "Polygon", "coordinates": [[[4.227987723836193, 51.029052116285634], [4.227801451727551, 51.095420642993496], [4.122405048180926, 51.095256079182114], [4.122740711882222, 51.02888778198757], [4.227987723836193, 51.029052116285634]]]}}, {"type": "Feature", "properties": {"nis": "42006", "name_nl": "Dendermonde", "name_fr": "Termonde", "population": 47539, "grid_col": 14, "grid_row": 23, "displacement_km": 4.09, "centroid_lon": 4.090522, "centroid_lat": 51.027531}, "geometry": {"type": "Polygon", "coordinates": [[[4.122740711882222, 51.02888778198757], [4.122405048180926, 51.095256079182114], [4.017009598894844, 51.09499731058196], [4.017494650136769, 51.028629374283796], [4.122740711882222, 51.02888778198757]]]}}, {"type": "Feature", "properties": {"nis": "42008", "name_nl": "Hamme", "name_fr": "Hamme", "population": 25706, "grid_col": 14, "grid_row": 24, "displacement_km": 7.45, "centroid_lon": 4.13987, "centroid_lat": 51.0781}, "geometry": {"type": "Polygon", "coordinates": [[[4.122405048180926, 51.095256079182114], [4.122068430215246, 51.16162281827119], [4.016523168707287, 51.161363688098206], [4.017009598894844, 51.09499731058196], [4.122405048180926, 51.095256079182114]]]}}, {"type": "Feature", "properties": {"nis": "42010", "name_nl": "Laarne", "name_fr": "Laarne", "population": 12496, "grid_col": 12, "grid_row": 24, "displacement_km": 9.65, "centroid_lon": 3.884167, "centroid_lat": 51.042427}, "geometry": {"type": "Polygon", "coordinates": [[[3.911615528548834, 51.0946443387313], [3.910979292027969, 51.16101022305048], [3.805437226636729, 51.160562425233124], [3.806223261789099, 51.09419716572831], [3.911615528548834, 51.0946443387313]]]}}, {"type": "Feature", "properties": {"nis": "42011", "name_nl": "Lebbeke", "name_fr": "Lebbeke", "population": 20298, "grid_col": 14, "grid_row": 22, "displacement_km": 3.43, "centroid_lon": 4.118947, "centroid_lat": 50.992508}, "geometry": {"type": "Polygon", "coordinates": [[[4.123075425371183, 50.96251801615292], [4.122740711882222, 51.02888778198757], [4.017494650136769, 51.028629374283796], [4.017978328288332, 50.962259968671496], [4.123075425371183, 50.96251801615292]]]}}, {"type": "Feature", "properties": {"nis": "42023", "name_nl": "Waasmunster", "name_fr": "Waasmunster", "population": 11395, "grid_col": 13, "grid_row": 24, "displacement_km": 7.83, "centroid_lon": 4.074876, "centroid_lat": 51.118647}, "geometry": {"type": "Polygon", "coordinates": [[[4.017009598894842, 51.09499731058196], [4.016523168707285, 51.161363688098206], [3.910979292027969, 51.16101022305048], [3.911615528548834, 51.0946443387313], [4.017009598894842, 51.09499731058196]]]}}, {"type": "Feature", "properties": {"nis": "42025", "name_nl": "Wetteren", "name_fr": "Wetteren", "population": 26926, "grid_col": 11, "grid_row": 23, "displacement_km": 10.99, "centroid_lon": 3.870206, "centroid_lat": 50.994482}, "geometry": {"type": "Polygon", "coordinates": [[[3.807007068743624, 51.02783034534998], [3.806223261789099, 51.09419716572831], [3.700833223218231, 51.09365579423109], [3.701766394739094, 51.02728972886063], [3.807007068743624, 51.02783034534998]]]}}, {"type": "Feature", "properties": {"nis": "42026", "name_nl": "Wichelen", "name_fr": "Wichelen", "population": 12050, "grid_col": 13, "grid_row": 22, "displacement_km": 0.9, "centroid_lon": 3.953486, "centroid_lat": 50.998736}, "geometry": {"type": "Polygon", "coordinates": [[[4.01797832828833, 50.962259968671496], [4.017494650136768, 51.028629374283796], [3.91224996147616, 51.02827689470751], [3.912882598468198, 50.961907980450185], [4.01797832828833, 50.962259968671496]]]}}, {"type": "Feature", "properties": {"nis": "42028", "name_nl": "Zele", "name_fr": "Zele", "population": 21521, "grid_col": 13, "grid_row": 23, "displacement_km": 5.03, "centroid_lon": 4.035792, "centroid_lat": 51.067341}, "geometry": {"type": "Polygon", "coordinates": [[[4.017494650136768, 51.028629374283796], [4.017009598894842, 51.09499731058196], [3.911615528548834, 51.0946443387313], [3.91224996147616, 51.02827689470751], [4.017494650136768, 51.028629374283796]]]}}, {"type": "Feature", "properties": {"nis": "43002", "name_nl": "Assenede", "name_fr": "Assenede", "population": 14617, "grid_col": 10, "grid_row": 26, "displacement_km": 6.02, "centroid_lon": 3.71485, "centroid_lat": 51.227032}, "geometry": {"type": "Polygon", "coordinates": [[[3.698958910604306, 51.2263831485115], [3.698017746791971, 51.29274425811719], [3.592179746872517, 51.29210602227383], [3.593271542893608, 51.22574580402922], [3.698958910604306, 51.2263831485115]]]}}, {"type": "Feature", "properties": {"nis": "43005", "name_nl": "Eeklo", "name_fr": "Eeklo", "population": 22733, "grid_col": 9, "grid_row": 25, "displacement_km": 1.51, "centroid_lon": 3.562353, "centroid_lat": 51.194378}, "geometry": {"type": "Polygon", "coordinates": [[[3.594360235326306, 51.15938384251869], [3.593271542893608, 51.22574580402922], [3.487587278758731, 51.22501400463055], [3.488826162065087, 51.15865306464033], [3.594360235326306, 51.15938384251869]]]}}, {"type": "Feature", "properties": {"nis": "43007", "name_nl": "Kaprijke", "name_fr": "Kaprijke", "population": 6638, "grid_col": 10, "grid_row": 25, "displacement_km": 2.16, "centroid_lon": 3.627257, "centroid_lat": 51.208064}, "geometry": {"type": "Polygon", "coordinates": [[[3.699897398949084, 51.16002029731302], [3.698958910604306, 51.2263831485115], [3.593271542893608, 51.22574580402922], [3.594360235326306, 51.15938384251869], [3.699897398949084, 51.16002029731302]]]}}, {"type": "Feature", "properties": {"nis": "43010", "name_nl": "Maldegem", "name_fr": "Maldegem", "population": 24883, "grid_col": 8, "grid_row": 25, "displacement_km": 1.29, "centroid_lon": 3.450364, "centroid_lat": 51.198205}, "geometry": {"type": "Polygon", "coordinates": [[[3.488826162065085, 51.15865306464033], [3.48758727875873, 51.22501400463055], [3.381906546243334, 51.22418775468154], [3.383295605387209, 51.15782796802963], [3.488826162065085, 51.15865306464033]]]}}, {"type": "Feature", "properties": {"nis": "43014", "name_nl": "Sint-Laureins", "name_fr": "Sint-Laureins", "population": 6941, "grid_col": 9, "grid_row": 26, "displacement_km": 2.81, "centroid_lon": 3.580041, "centroid_lat": 51.259967}, "geometry": {"type": "Polygon", "coordinates": [[[3.593271542893608, 51.22574580402922], [3.592179746872517, 51.29210602227383], [3.486344863818587, 51.29137319943385], [3.487587278758731, 51.22501400463055], [3.593271542893608, 51.22574580402922]]]}}, {"type": "Feature", "properties": {"nis": "43018", "name_nl": "Zelzate", "name_fr": "Zelzate", "population": 13653, "grid_col": 11, "grid_row": 26, "displacement_km": 7.85, "centroid_lon": 3.808493, "centroid_lat": 51.19913}, "geometry": {"type": "Polygon", "coordinates": [[[3.804648953771721, 51.226926034274655], [3.803858433625035, 51.29328790314865], [3.698017746791971, 51.29274425811719], [3.698958910604306, 51.2263831485115], [3.804648953771721, 51.226926034274655]]]}}, {"type": "Feature", "properties": {"nis": "44013", "name_nl": "Destelbergen", "name_fr": "Destelbergen", "population": 19088, "grid_col": 11, "grid_row": 24, "displacement_km": 10.01, "centroid_lon": 3.809315, "centroid_lat": 51.044364}, "geometry": {"type": "Polygon", "coordinates": [[[3.806223261789099, 51.09419716572831], [3.805437226636729, 51.160562425233124], [3.699897398949084, 51.16002029731302], [3.700833223218231, 51.09365579423109], [3.806223261789099, 51.09419716572831]]]}}, {"type": "Feature", "properties": {"nis": "44019", "name_nl": "Evergem", "name_fr": "Evergem", "population": 37254, "grid_col": 10, "grid_row": 24, "displacement_km": 4.63, "centroid_lon": 3.708117, "centroid_lat": 51.143282}, "geometry": {"type": "Polygon", "coordinates": [[[3.700833223218231, 51.09365579423109], [3.699897398949084, 51.16002029731302], [3.594360235326306, 51.15938384251869], [3.59544583738496, 51.09302022745758], [3.700833223218231, 51.09365579423109]]]}}, {"type": "Feature", "properties": {"nis": "44020", "name_nl": "Gavere", "name_fr": "Gavere", "population": 13353, "grid_col": 10, "grid_row": 21, "displacement_km": 2.46, "centroid_lon": 3.685544, "centroid_lat": 50.928931}, "geometry": {"type": "Polygon", "coordinates": [[[3.703624824525177, 50.894553269061014], [3.702696924774891, 50.96092219068201], [3.597607822863527, 50.96028839497268], [3.598684232339711, 50.893920356406916], [3.703624824525177, 50.894553269061014]]]}}, {"type": "Feature", "properties": {"nis": "44021", "name_nl": "Gent", "name_fr": "Gand", "population": 272657, "grid_col": 10, "grid_row": 23, "displacement_km": 5.61, "centroid_lon": 3.725379, "centroid_lat": 51.074442}, "geometry": {"type": "Polygon", "coordinates": [[[3.701766394739094, 51.02728972886063], [3.700833223218231, 51.09365579423109], [3.59544583738496, 51.09302022745758], [3.596528362209014, 51.026655048446806], [3.701766394739094, 51.02728972886063]]]}}, {"type": "Feature", "properties": {"nis": "44052", "name_nl": "Oosterzele", "name_fr": "Oosterzele", "population": 14088, "grid_col": 11, "grid_row": 22, "displacement_km": 6.86, "centroid_lon": 3.797173, "centroid_lat": 50.938804}, "geometry": {"type": "Polygon", "coordinates": [[[3.807788656961233, 50.96146205357347], [3.807007068743624, 51.02783034534998], [3.701766394739094, 51.02728972886063], [3.702696924774891, 50.96092219068201], [3.807788656961233, 50.96146205357347]]]}}, {"type": "Feature", "properties": {"nis": "44064", "name_nl": "Sint-Martens-Latem", "name_fr": "Sint-Martens-Latem", "population": 8149, "grid_col": 9, "grid_row": 23, "displacement_km": 7.84, "centroid_lon": 3.622172, "centroid_lat": 51.00951}, "geometry": {"type": "Polygon", "coordinates": [[[3.596528362209014, 51.026655048446806], [3.59544583738496, 51.09302022745758], [3.490061528773895, 51.09229046918549], [3.491293393836164, 51.02592630787378], [3.596528362209014, 51.026655048446806]]]}}, {"type": "Feature", "properties": {"nis": "44081", "name_nl": "Zulte", "name_fr": "Zulte", "population": 16233, "grid_col": 8, "grid_row": 21, "displacement_km": 2.58, "centroid_lon": 3.472607, "centroid_lat": 50.937332}, "geometry": {"type": "Polygon", "coordinates": [[[3.493746678402561, 50.89319364553788], [3.492521772118269, 50.95956067019841], [3.387439193356921, 50.958739020668176], [3.388812581750511, 50.892373140748724], [3.493746678402561, 50.89319364553788]]]}}, {"type": "Feature", "properties": {"nis": "44083", "name_nl": "Deinze", "name_fr": "Deinze", "population": 46026, "grid_col": 8, "grid_row": 23, "displacement_km": 7.99, "centroid_lon": 3.531553, "centroid_lat": 51.017718}, "geometry": {"type": "Polygon", "coordinates": [[[3.491293393836162, 51.02592630787378], [3.490061528773893, 51.09229046918549], [3.384680721795263, 51.09146652375218], [3.386061912229469, 51.025103511464735], [3.491293393836162, 51.02592630787378]]]}}, {"type": "Feature", "properties": {"nis": "44084", "name_nl": "Aalter", "name_fr": "Aalter", "population": 29830, "grid_col": 8, "grid_row": 24, "displacement_km": 3.4, "centroid_lon": 3.447276, "centroid_lat": 51.095266}, "geometry": {"type": "Polygon", "coordinates": [[[3.490061528773893, 51.09229046918549], [3.488826162065085, 51.15865306464033], [3.383295605387209, 51.15782796802963], [3.384680721795263, 51.09146652375218], [3.490061528773893, 51.09229046918549]]]}}, {"type": "Feature", "properties": {"nis": "44085", "name_nl": "Lievegem", "name_fr": "Lievegem", "population": 27350, "grid_col": 9, "grid_row": 24, "displacement_km": 3.18, "centroid_lon": 3.587517, "centroid_lat": 51.12705}, "geometry": {"type": "Polygon", "coordinates": [[[3.59544583738496, 51.09302022745758], [3.594360235326306, 51.15938384251869], [3.488826162065087, 51.15865306464033], [3.490061528773895, 51.09229046918549], [3.59544583738496, 51.09302022745758]]]}}, {"type": "Feature", "properties": {"nis": "44086", "name_nl": "Nazareth-De Pinte", "name_fr": "Nazareth-De Pinte", "population": 23574, "grid_col": 9, "grid_row": 22, "displacement_km": 6.67, "centroid_lon": 3.629638, "centroid_lat": 50.966597}, "geometry": {"type": "Polygon", "coordinates": [[[3.597607822863527, 50.96028839497268], [3.596528362209014, 51.026655048446806], [3.491293393836164, 51.02592630787378], [3.492521772118271, 50.95956067019841], [3.597607822863527, 50.96028839497268]]]}}, {"type": "Feature", "properties": {"nis": "44087", "name_nl": "Lochristi", "name_fr": "Lochristi", "population": 30916, "grid_col": 11, "grid_row": 25, "displacement_km": 10.39, "centroid_lon": 3.862899, "centroid_lat": 51.131179}, "geometry": {"type": "Polygon", "coordinates": [[[3.805437226636729, 51.160562425233124], [3.804648953771721, 51.226926034274655], [3.698958910604306, 51.2263831485115], [3.699897398949084, 51.16002029731302], [3.805437226636729, 51.160562425233124]]]}}, {"type": "Feature", "properties": {"nis": "44088", "name_nl": "Merelbeke-Melle", "name_fr": "Merelbeke-Melle", "population": 37369, "grid_col": 10, "grid_row": 22, "displacement_km": 7.68, "centroid_lon": 3.757102, "centroid_lat": 50.980979}, "geometry": {"type": "Polygon", "coordinates": [[[3.702696924774891, 50.96092219068201], [3.701766394739094, 51.02728972886063], [3.596528362209014, 51.026655048446806], [3.597607822863527, 50.96028839497268], [3.702696924774891, 50.96092219068201]]]}}, {"type": "Feature", "properties": {"nis": "45035", "name_nl": "Oudenaarde", "name_fr": "Audenarde", "population": 32930, "grid_col": 9, "grid_row": 20, "displacement_km": 5.28, "centroid_lon": 3.620967, "centroid_lat": 50.853462}, "geometry": {"type": "Polygon", "coordinates": [[[3.599757603555442, 50.82755102200658], [3.598684232339711, 50.893920356406916], [3.493746678402563, 50.89319364553788], [3.494968127387949, 50.82682532315598], [3.599757603555442, 50.82755102200658]]]}}, {"type": "Feature", "properties": {"nis": "45041", "name_nl": "Ronse", "name_fr": "Renaix", "population": 27577, "grid_col": 10, "grid_row": 17, "displacement_km": 10.31, "centroid_lon": 3.607631, "centroid_lat": 50.749723}, "geometry": {"type": "Polygon", "coordinates": [[[3.707310342458752, 50.62906553145488], [3.706392853112796, 50.6954390954815], [3.601895282513482, 50.69480882215638], [3.60295961572951, 50.62843613464657], [3.707310342458752, 50.62906553145488]]]}}, {"type": "Feature", "properties": {"nis": "45059", "name_nl": "Brakel", "name_fr": "Brakel", "population": 15127, "grid_col": 11, "grid_row": 19, "displacement_km": 0.3, "centroid_lon": 3.757999, "centroid_lat": 50.79794}, "geometry": {"type": "Polygon", "coordinates": [[[3.810120203001808, 50.76234924288891], [3.809345214762355, 50.828721413154156], [3.704550105126277, 50.828183053248786], [3.705472777651744, 50.761811632381736], [3.810120203001808, 50.76234924288891]]]}}, {"type": "Feature", "properties": {"nis": "45060", "name_nl": "Kluisbergen", "name_fr": "Kluisbergen", "population": 6869, "grid_col": 9, "grid_row": 18, "displacement_km": 5.94, "centroid_lon": 3.530141, "centroid_lat": 50.779688}, "geometry": {"type": "Polygon", "coordinates": [[[3.601895282513482, 50.69480882215638], [3.60082794935578, 50.761180480913914], [3.496186133690485, 50.760455792201704], [3.497400711843961, 50.694085141709216], [3.601895282513482, 50.69480882215638]]]}}, {"type": "Feature", "properties": {"nis": "45061", "name_nl": "Wortegem-Petegem", "name_fr": "Wortegem-Petegem", "population": 6545, "grid_col": 9, "grid_row": 19, "displacement_km": 6.22, "centroid_lon": 3.527576, "centroid_lat": 50.848379}, "geometry": {"type": "Polygon", "coordinates": [[[3.60082794935578, 50.761180480913914], [3.599757603555442, 50.82755102200658], [3.494968127387949, 50.82682532315598], [3.496186133690485, 50.760455792201704], [3.60082794935578, 50.761180480913914]]]}}, {"type": "Feature", "properties": {"nis": "45062", "name_nl": "Horebeke", "name_fr": "Horebeke", "population": 2026, "grid_col": 10, "grid_row": 19, "displacement_km": 5.11, "centroid_lon": 3.694506, "centroid_lat": 50.832155}, "geometry": {"type": "Polygon", "coordinates": [[[3.705472777651744, 50.761811632381736], [3.704550105126277, 50.828183053248786], [3.599757603555442, 50.82755102200658], [3.60082794935578, 50.761180480913914], [3.705472777651744, 50.761811632381736]]]}}, {"type": "Feature", "properties": {"nis": "45063", "name_nl": "Lierde", "name_fr": "Lierde", "population": 6858, "grid_col": 12, "grid_row": 18, "displacement_km": 8.66, "centroid_lon": 3.836413, "centroid_lat": 50.805466}, "geometry": {"type": "Polygon", "coordinates": [[[3.915395338739574, 50.69641940649781], [3.914769809767506, 50.76279330926979], [3.810120203001808, 50.76234924288891], [3.81089300981696, 50.695975957980416], [3.915395338739574, 50.69641940649781]]]}}, {"type": "Feature", "properties": {"nis": "45064", "name_nl": "Maarkedal", "name_fr": "Maarkedal", "population": 6320, "grid_col": 10, "grid_row": 18, "displacement_km": 7.49, "centroid_lon": 3.641053, "centroid_lat": 50.795169}, "geometry": {"type": "Polygon", "coordinates": [[[3.706392853112796, 50.6954390954815], [3.705472777651744, 50.761811632381736], [3.60082794935578, 50.761180480913914], [3.601895282513482, 50.69480882215638], [3.706392853112796, 50.6954390954815]]]}}, {"type": "Feature", "properties": {"nis": "45065", "name_nl": "Zwalm", "name_fr": "Zwalin", "population": 8348, "grid_col": 10, "grid_row": 20, "displacement_km": 5.4, "centroid_lon": 3.723904, "centroid_lat": 50.877283}, "geometry": {"type": "Polygon", "coordinates": [[[3.704550105126277, 50.828183053248786], [3.703624824525177, 50.894553269061014], [3.598684232339711, 50.893920356406916], [3.599757603555442, 50.82755102200658], [3.704550105126277, 50.828183053248786]]]}}, {"type": "Feature", "properties": {"nis": "45068", "name_nl": "Kruisem", "name_fr": "Kruisem", "population": 16006, "grid_col": 9, "grid_row": 21, "displacement_km": 2.34, "centroid_lon": 3.560868, "centroid_lat": 50.908053}, "geometry": {"type": "Polygon", "coordinates": [[[3.598684232339711, 50.893920356406916], [3.597607822863527, 50.96028839497268], [3.492521772118271, 50.95956067019841], [3.493746678402563, 50.89319364553788], [3.598684232339711, 50.893920356406916]]]}}, {"type": "Feature", "properties": {"nis": "46020", "name_nl": "Sint-Gillis-Waas", "name_fr": "Sint-Gillis-Waas", "population": 20139, "grid_col": 15, "grid_row": 26, "displacement_km": 5.25, "centroid_lon": 4.118844, "centroid_lat": 51.229487}, "geometry": {"type": "Polygon", "coordinates": [[[4.22742731656859, 51.22815293380515], [4.227239448982434, 51.29451651863807], [4.121392315167005, 51.29435126369929], [4.121730853910058, 51.227987909674965], [4.22742731656859, 51.22815293380515]]]}}, {"type": "Feature", "properties": {"nis": "46021", "name_nl": "Sint-Niklaas", "name_fr": "Saint-Nicolas", "population": 82661, "grid_col": 14, "grid_row": 25, "displacement_km": 4.33, "centroid_lon": 4.108574, "centroid_lat": 51.164742}, "geometry": {"type": "Polygon", "coordinates": [[[4.122068430215246, 51.16162281827119], [4.121730853910058, 51.227987909674965], [4.01603535368549, 51.22772841725026], [4.016523168707287, 51.161363688098206], [4.122068430215246, 51.16162281827119]]]}}, {"type": "Feature", "properties": {"nis": "46024", "name_nl": "Stekene", "name_fr": "Stekene", "population": 19767, "grid_col": 13, "grid_row": 25, "displacement_km": 4.97, "centroid_lon": 4.028675, "centroid_lat": 51.21225}, "geometry": {"type": "Polygon", "coordinates": [[[4.016523168707285, 51.161363688098206], [4.016035353685488, 51.22772841725026], [3.910341244211708, 51.22737445807947], [3.910979292027969, 51.16101022305048], [4.016523168707285, 51.161363688098206]]]}}, {"type": "Feature", "properties": {"nis": "46025", "name_nl": "Temse", "name_fr": "Tamise", "population": 31613, "grid_col": 15, "grid_row": 25, "displacement_km": 7.22, "centroid_lon": 4.205736, "centroid_lat": 51.133033}, "geometry": {"type": "Polygon", "coordinates": [[[4.22761465005884, 51.161787612026075], [4.22742731656859, 51.22815293380515], [4.121730853910058, 51.227987909674965], [4.122068430215246, 51.16162281827119], [4.22761465005884, 51.161787612026075]]]}}, {"type": "Feature", "properties": {"nis": "46029", "name_nl": "Lokeren", "name_fr": "Lokeren", "population": 50606, "grid_col": 12, "grid_row": 25, "displacement_km": 9.24, "centroid_lon": 3.95548, "centroid_lat": 51.138022}, "geometry": {"type": "Polygon", "coordinates": [[[3.910979292027969, 51.16101022305048], [3.910341244211708, 51.22737445807947], [3.804648953771721, 51.226926034274655], [3.805437226636729, 51.160562425233124], [3.910979292027969, 51.16101022305048]]]}}, {"type": "Feature", "properties": {"nis": "46030", "name_nl": "Beveren-Kruibeke-Zwijndrecht", "name_fr": "Beveren-Kruibeke-Zwijndrecht", "population": 87927, "grid_col": 16, "grid_row": 26, "displacement_km": 3.41, "centroid_lon": 4.254019, "centroid_lat": 51.235563}, "geometry": {"type": "Polygon", "coordinates": [[[4.333124313320865, 51.22822348865607], [4.333087119178945, 51.29458717216984], [4.227239448982434, 51.29451651863807], [4.22742731656859, 51.22815293380515], [4.333124313320865, 51.22822348865607]]]}}, {"type": "Feature", "properties": {"nis": "51004", "name_nl": "Aat", "name_fr": "Ath", "population": 30123, "grid_col": 11, "grid_row": 16, "displacement_km": 4.9, "centroid_lon": 3.772849, "centroid_lat": 50.639392}, "geometry": {"type": "Polygon", "coordinates": [[[3.812432115911718, 50.56322639972621], [3.811663644405058, 50.62960164733053], [3.707310342458752, 50.62906553145488], [3.708225256577472, 50.56269102909371], [3.812432115911718, 50.56322639972621]]]}}, {"type": "Feature", "properties": {"nis": "51008", "name_nl": "Beloeil", "name_fr": "Beloeil", "population": 14232, "grid_col": 11, "grid_row": 15, "displacement_km": 5.12, "centroid_lon": 3.688642, "centroid_lat": 50.53252}, "geometry": {"type": "Polygon", "coordinates": [[[3.813198433431287, 50.49685030383944], [3.812432115911718, 50.56322639972621], [3.708225256577472, 50.56269102909371], [3.709137606295781, 50.49631567707484], [3.813198433431287, 50.49685030383944]]]}}, {"type": "Feature", "properties": {"nis": "51009", "name_nl": "Bernissart", "name_fr": "Bernissart", "population": 11894, "grid_col": 10, "grid_row": 14, "displacement_km": 2.77, "centroid_lon": 3.686555, "centroid_lat": 50.479541}, "geometry": {"type": "Polygon", "coordinates": [[[3.710047402379902, 50.429939563960126], [3.709137606295781, 50.49631567707484], [3.605079332784432, 50.495688028445485], [3.606134741670785, 50.429312787004314], [3.710047402379902, 50.429939563960126]]]}}, {"type": "Feature", "properties": {"nis": "51012", "name_nl": "Brugelette", "name_fr": "Brugelette", "population": 3878, "grid_col": 13, "grid_row": 15, "displacement_km": 10.73, "centroid_lon": 3.867123, "centroid_lat": 50.602034}, "geometry": {"type": "Polygon", "coordinates": [[[4.021326113768489, 50.4976404798193], [4.020851886053413, 50.564017675159974], [3.916641129224569, 50.563668615944785], [3.917261405502019, 50.49729190561462], [4.021326113768489, 50.4976404798193]]]}}, {"type": "Feature", "properties": {"nis": "51014", "name_nl": "Chièvres", "name_fr": "Chièvres", "population": 7145, "grid_col": 12, "grid_row": 15, "displacement_km": 7.32, "centroid_lon": 3.783944, "centroid_lat": 50.571189}, "geometry": {"type": "Polygon", "coordinates": [[[3.917261405502019, 50.49729190561462], [3.916641129224569, 50.563668615944785], [3.812432115911718, 50.56322639972621], [3.813198433431287, 50.49685030383944], [3.917261405502019, 50.49729190561462]]]}}, {"type": "Feature", "properties": {"nis": "51017", "name_nl": "Elzele", "name_fr": "Ellezelles", "population": 5948, "grid_col": 11, "grid_row": 17, "displacement_km": 7.73, "centroid_lon": 3.69907, "centroid_lat": 50.720667}, "geometry": {"type": "Polygon", "coordinates": [[[3.811663644405058, 50.62960164733053], [3.81089300981696, 50.695975957980416], [3.706392853112796, 50.6954390954815], [3.707310342458752, 50.62906553145488], [3.811663644405058, 50.62960164733053]]]}}, {"type": "Feature", "properties": {"nis": "51019", "name_nl": "Vloesberg", "name_fr": "Flobecq", "population": 3441, "grid_col": 11, "grid_row": 18, "displacement_km": 3.32, "centroid_lon": 3.731714, "centroid_lat": 50.75356}, "geometry": {"type": "Polygon", "coordinates": [[[3.81089300981696, 50.695975957980416], [3.810120203001808, 50.76234924288891], [3.705472777651744, 50.761811632381736], [3.706392853112796, 50.6954390954815], [3.81089300981696, 50.695975957980416]]]}}, {"type": "Feature", "properties": {"nis": "51065", "name_nl": "Frasnes-lez-Anvaing", "name_fr": "Frasnes-lez-Anvaing", "population": 12256, "grid_col": 9, "grid_row": 16, "displacement_km": 10.34, "centroid_lon": 3.600679, "centroid_lat": 50.682395}, "geometry": {"type": "Polygon", "coordinates": [[[3.604020961633535, 50.56206250718208], [3.60295961572951, 50.62843613464657], [3.498611876300474, 50.627713460597725], [3.499819641431008, 50.56134083767146], [3.604020961633535, 50.56206250718208]]]}}, {"type": "Feature", "properties": {"nis": "51067", "name_nl": "Edingen", "name_fr": "Enghien", "population": 14567, "grid_col": 14, "grid_row": 16, "displacement_km": 9.43, "centroid_lon": 4.030139, "centroid_lat": 50.677632}, "geometry": {"type": "Polygon", "coordinates": [[[4.12506397589443, 50.56427357532779], [4.124734879858091, 50.63065028064708], [4.020376325320916, 50.630394024250904], [4.020851886053415, 50.564017675159974], [4.12506397589443, 50.56427357532779]]]}}, {"type": "Feature", "properties": {"nis": "51068", "name_nl": "Opzullik", "name_fr": "Silly", "population": 8422, "grid_col": 14, "grid_row": 15, "displacement_km": 15.39, "centroid_lon": 3.959032, "centroid_lat": 50.648688}, "geometry": {"type": "Polygon", "coordinates": [[[4.125392149450293, 50.49789602441617], [4.12506397589443, 50.56427357532779], [4.020851886053415, 50.564017675159974], [4.021326113768491, 50.4976404798193], [4.125392149450293, 50.49789602441617]]]}}, {"type": "Feature", "properties": {"nis": "51069", "name_nl": "Lessen", "name_fr": "Lessines", "population": 18853, "grid_col": 12, "grid_row": 16, "displacement_km": 13.07, "centroid_lon": 3.833093, "centroid_lat": 50.71251}, "geometry": {"type": "Polygon", "coordinates": [[[3.916641129224569, 50.563668615944785], [3.916019109424258, 50.63004447912851], [3.811663644405058, 50.62960164733053], [3.812432115911718, 50.56322639972621], [3.916641129224569, 50.563668615944785]]]}}, {"type": "Feature", "properties": {"nis": "52010", "name_nl": "Chapelle-lez-Herlaimont", "name_fr": "Chapelle-lez-Herlaimont", "population": 15030, "grid_col": 18, "grid_row": 11, "displacement_km": 26.15, "centroid_lon": 4.287658, "centroid_lat": 50.462464}, "geometry": {"type": "Polygon", "coordinates": [[[4.540644269222609, 50.232470485738354], [4.540897484697785, 50.298850661576], [4.437265959361796, 50.29896676004405], [4.437157178074354, 50.23258642317749], [4.540644269222609, 50.232470485738354]]]}}, {"type": "Feature", "properties": {"nis": "52011", "name_nl": "Charleroi", "name_fr": "Charleroi", "population": 205763, "grid_col": 20, "grid_row": 10, "displacement_km": 30.93, "centroid_lon": 4.434538, "centroid_lat": 50.421089}, "geometry": {"type": "Polygon", "coordinates": [[[4.747075370539701, 50.16558119001745], [4.74761593496763, 50.23196106337846], [4.644130655528503, 50.23226203206886], [4.643734115691961, 50.16588174145347], [4.747075370539701, 50.16558119001745]]]}}, {"type": "Feature", "properties": {"nis": "52012", "name_nl": "Châtelet", "name_fr": "Châtelet", "population": 35979, "grid_col": 21, "grid_row": 10, "displacement_km": 29.61, "centroid_lon": 4.522341, "centroid_lat": 50.397167}, "geometry": {"type": "Polygon", "coordinates": [[[4.850415122813173, 50.16518825355927], [4.851099705541387, 50.23156758141335], [4.74761593496763, 50.23196106337846], [4.747075370539701, 50.16558119001745], [4.850415122813173, 50.16518825355927]]]}}, {"type": "Feature", "properties": {"nis": "52015", "name_nl": "Courcelles", "name_fr": "Courcelles", "population": 31436, "grid_col": 19, "grid_row": 11, "displacement_km": 29.14, "centroid_lon": 4.341088, "centroid_lat": 50.472428}, "geometry": {"type": "Polygon", "coordinates": [[[4.644130655528503, 50.23226203206886], [4.644528302236112, 50.2986419183804], [4.540897484697785, 50.298850661576], [4.540644269222609, 50.232470485738354], [4.644130655528503, 50.23226203206886]]]}}, {"type": "Feature", "properties": {"nis": "52018", "name_nl": "Farciennes", "name_fr": "Farciennes", "population": 11471, "grid_col": 21, "grid_row": 11, "displacement_km": 26.06, "centroid_lon": 4.54689, "centroid_lat": 50.434416}, "geometry": {"type": "Polygon", "coordinates": [[[4.851099705541387, 50.23156758141335], [4.851786199105832, 50.29794650319842], [4.748158008266794, 50.29834053167059], [4.74761593496763, 50.23196106337846], [4.851099705541387, 50.23156758141335]]]}}, {"type": "Feature", "properties": {"nis": "52021", "name_nl": "Fleurus", "name_fr": "Fleurus", "population": 22922, "grid_col": 20, "grid_row": 11, "displacement_km": 27.0, "centroid_lon": 4.53919, "centroid_lat": 50.486361}, "geometry": {"type": "Polygon", "coordinates": [[[4.74761593496763, 50.23196106337846], [4.748158008266794, 50.29834053167059], [4.644528302236112, 50.2986419183804], [4.644130655528503, 50.23226203206886], [4.74761593496763, 50.23196106337846]]]}}, {"type": "Feature", "properties": {"nis": "52022", "name_nl": "Fontaine-l’Evêque", "name_fr": "Fontaine-l’Evêque", "population": 17985, "grid_col": 19, "grid_row": 10, "displacement_km": 30.12, "centroid_lon": 4.321716, "centroid_lat": 50.407254}, "geometry": {"type": "Polygon", "coordinates": [[[4.643734115691961, 50.16588174145347], [4.644130655528503, 50.23226203206886], [4.540644269222609, 50.232470485738354], [4.540391758592532, 50.16608990612671], [4.643734115691961, 50.16588174145347]]]}}, {"type": "Feature", "properties": {"nis": "52025", "name_nl": "Gerpinnes", "name_fr": "Gerpinnes", "population": 12900, "grid_col": 22, "grid_row": 9, "displacement_km": 35.87, "centroid_lon": 4.527843, "centroid_lat": 50.347454}, "geometry": {"type": "Polygon", "coordinates": [[[4.952926682277384, 50.09832396093124], [4.95375297222472, 50.16470293435445], [4.850415122813173, 50.16518825355927], [4.849732442954255, 50.09880860761484], [4.952926682277384, 50.09832396093124]]]}}, {"type": "Feature", "properties": {"nis": "52048", "name_nl": "Montigny-le-Tilleul", "name_fr": "Montigny-le-Tilleul", "population": 10170, "grid_col": 19, "grid_row": 9, "displacement_km": 31.32, "centroid_lon": 4.371324, "centroid_lat": 50.376256}, "geometry": {"type": "Polygon", "coordinates": [[[4.643338678111378, 50.09950113450672], [4.643734115691961, 50.16588174145347], [4.540391758592532, 50.16608990612671], [4.540139949868662, 50.09970901071175], [4.643338678111378, 50.09950113450672]]]}}, {"type": "Feature", "properties": {"nis": "52055", "name_nl": "Pont-à-Celles", "name_fr": "Pont-à-Celles", "population": 17662, "grid_col": 18, "grid_row": 12, "displacement_km": 21.62, "centroid_lon": 4.381311, "centroid_lat": 50.513905}, "geometry": {"type": "Polygon", "coordinates": [[[4.540897484697785, 50.298850661576], [4.541151407973381, 50.36523034555365], [4.43737504472156, 50.36534660534633], [4.437265959361796, 50.29896676004405], [4.540897484697785, 50.298850661576]]]}}, {"type": "Feature", "properties": {"nis": "52074", "name_nl": "Aiseau-Presles", "name_fr": "Aiseau-Presles", "population": 10956, "grid_col": 22, "grid_row": 10, "displacement_km": 32.66, "centroid_lon": 4.576843, "centroid_lat": 50.404894}, "geometry": {"type": "Polygon", "coordinates": [[[4.95375297222472, 50.16470293435445], [4.954581565286332, 50.231081588456426], [4.851099705541387, 50.23156758141335], [4.850415122813173, 50.16518825355927], [4.95375297222472, 50.16470293435445]]]}}, {"type": "Feature", "properties": {"nis": "52075", "name_nl": "Les Bons Villers", "name_fr": "Les Bons Villers", "population": 9705, "grid_col": 19, "grid_row": 12, "displacement_km": 24.09, "centroid_lon": 4.448227, "centroid_lat": 50.527874}, "geometry": {"type": "Polygon", "coordinates": [[[4.644528302236112, 50.2986419183804], [4.644927060455694, 50.3650213123002], [4.541151407973381, 50.36523034555365], [4.540897484697785, 50.298850661576], [4.644528302236112, 50.2986419183804]]]}}, {"type": "Feature", "properties": {"nis": "53014", "name_nl": "Boussu", "name_fr": "Boussu", "population": 20401, "grid_col": 13, "grid_row": 13, "displacement_km": 12.54, "centroid_lon": 3.799652, "centroid_lat": 50.427129}, "geometry": {"type": "Polygon", "coordinates": [[[4.022270592502588, 50.3648839044729], [4.021799014063019, 50.43126252677872], [3.91787994557691, 50.43091443669093], [3.918496756728621, 50.36453629761161], [4.022270592502588, 50.3648839044729]]]}}, {"type": "Feature", "properties": {"nis": "53020", "name_nl": "Dour", "name_fr": "Dour", "population": 16559, "grid_col": 12, "grid_row": 13, "displacement_km": 5.75, "centroid_lon": 3.787012, "centroid_lat": 50.387362}, "geometry": {"type": "Polygon", "coordinates": [[[3.918496756728621, 50.36453629761161], [3.91787994557691, 50.43091443669093], [3.813962606007207, 50.430473448227154], [3.814724642632364, 50.36409592133124], [3.918496756728621, 50.36453629761161]]]}}, {"type": "Feature", "properties": {"nis": "53028", "name_nl": "Frameries", "name_fr": "Frameries", "population": 21630, "grid_col": 15, "grid_row": 10, "displacement_km": 29.72, "centroid_lon": 3.886155, "centroid_lat": 50.389862}, "geometry": {"type": "Polygon", "coordinates": [[[4.230362077338382, 50.166160070189555], [4.230182489421158, 50.232540747210756], [4.126695696009693, 50.232379134069916], [4.127019314830823, 50.165998681106714], [4.230362077338382, 50.166160070189555]]]}}, {"type": "Feature", "properties": {"nis": "53039", "name_nl": "Hensies", "name_fr": "Hensies", "population": 6776, "grid_col": 11, "grid_row": 14, "displacement_km": 4.59, "centroid_lon": 3.713576, "centroid_lat": 50.435832}, "geometry": {"type": "Polygon", "coordinates": [[[3.813962606007207, 50.430473448227154], [3.813198433431287, 50.49685030383944], [3.709137606295781, 50.49631567707484], [3.710047402379902, 50.429939563960126], [3.813962606007207, 50.430473448227154]]]}}, {"type": "Feature", "properties": {"nis": "53044", "name_nl": "Jurbeke", "name_fr": "Jurbise", "population": 10912, "grid_col": 13, "grid_row": 14, "displacement_km": 8.34, "centroid_lon": 3.901204, "centroid_lat": 50.525263}, "geometry": {"type": "Polygon", "coordinates": [[[4.021799014063019, 50.43126252677872], [4.021326113768489, 50.4976404798193], [3.917261405502019, 50.49729190561462], [3.91787994557691, 50.43091443669093], [4.021799014063019, 50.43126252677872]]]}}, {"type": "Feature", "properties": {"nis": "53046", "name_nl": "Lens", "name_fr": "Lens", "population": 4677, "grid_col": 14, "grid_row": 14, "displacement_km": 16.45, "centroid_lon": 3.911564, "centroid_lat": 50.570445}, "geometry": {"type": "Polygon", "coordinates": [[[4.12571940439891, 50.431517716459744], [4.125392149450293, 50.49789602441617], [4.021326113768491, 50.4976404798193], [4.02179901406302, 50.43126252677872], [4.12571940439891, 50.431517716459744]]]}}, {"type": "Feature", "properties": {"nis": "53053", "name_nl": "Bergen", "name_fr": "Mons", "population": 97120, "grid_col": 15, "grid_row": 12, "displacement_km": 19.85, "centroid_lon": 3.971976, "centroid_lat": 50.452418}, "geometry": {"type": "Polygon", "coordinates": [[[4.230002400210039, 50.29892102063657], [4.229821807603159, 50.3653008023816], [4.126045744591857, 50.365138739890895], [4.12637117385921, 50.29875918302691], [4.230002400210039, 50.29892102063657]]]}}, {"type": "Feature", "properties": {"nis": "53065", "name_nl": "Quaregnon", "name_fr": "Quaregnon", "population": 19022, "grid_col": 14, "grid_row": 13, "displacement_km": 15.92, "centroid_lon": 3.858652, "centroid_lat": 50.437774}, "geometry": {"type": "Polygon", "coordinates": [[[4.126045744591857, 50.365138739890895], [4.12571940439891, 50.431517716459744], [4.02179901406302, 50.43126252677872], [4.02227059250259, 50.3648839044729], [4.126045744591857, 50.365138739890895]]]}}, {"type": "Feature", "properties": {"nis": "53068", "name_nl": "Quiévrain", "name_fr": "Quiévrain", "population": 6861, "grid_col": 11, "grid_row": 13, "displacement_km": 4.27, "centroid_lon": 3.702413, "centroid_lat": 50.39584}, "geometry": {"type": "Polygon", "coordinates": [[[3.814724642632364, 50.36409592133124], [3.813962606007207, 50.430473448227154], [3.710047402379902, 50.429939563960126], [3.710954655535875, 50.363562778196176], [3.814724642632364, 50.36409592133124]]]}}, {"type": "Feature", "properties": {"nis": "53070", "name_nl": "Saint-Ghislain", "name_fr": "Saint-Ghislain", "population": 23756, "grid_col": 12, "grid_row": 14, "displacement_km": 5.27, "centroid_lon": 3.800947, "centroid_lat": 50.487246}, "geometry": {"type": "Polygon", "coordinates": [[[3.91787994557691, 50.43091443669093], [3.917261405502019, 50.49729190561462], [3.813198433431287, 50.49685030383944], [3.813962606007207, 50.430473448227154], [3.91787994557691, 50.43091443669093]]]}}, {"type": "Feature", "properties": {"nis": "53082", "name_nl": "Colfontaine", "name_fr": "Colfontaine", "population": 20813, "grid_col": 14, "grid_row": 12, "displacement_km": 18.33, "centroid_lon": 3.844165, "centroid_lat": 50.405841}, "geometry": {"type": "Polygon", "coordinates": [[[4.12637117385921, 50.29875918302691], [4.126045744591857, 50.365138739890895], [4.02227059250259, 50.3648839044729], [4.022740854621719, 50.29850470122144], [4.12637117385921, 50.29875918302691]]]}}, {"type": "Feature", "properties": {"nis": "53083", "name_nl": "Honnelles", "name_fr": "Honnelles", "population": 5104, "grid_col": 15, "grid_row": 7, "displacement_km": 50.81, "centroid_lon": 3.724652, "centroid_lat": 50.351455}, "geometry": {"type": "Polygon", "coordinates": [[[4.230897854170554, 49.967016496676884], [4.230719757640265, 50.033397857125735], [4.127663857529971, 50.033236914932175], [4.127984788878329, 49.96685577731746], [4.230897854170554, 49.967016496676884]]]}}, {"type": "Feature", "properties": {"nis": "53084", "name_nl": "Quévy", "name_fr": "Quévy", "population": 8194, "grid_col": 16, "grid_row": 9, "displacement_km": 34.95, "centroid_lon": 3.954392, "centroid_lat": 50.366635}, "geometry": {"type": "Polygon", "coordinates": [[[4.333740795137935, 50.099847982631566], [4.333705339047721, 50.166229070897735], [4.230362077338382, 50.166160070189555], [4.230541166051892, 50.09977907754301], [4.333740795137935, 50.099847982631566]]]}}, {"type": "Feature", "properties": {"nis": "55004", "name_nl": "’s Gravenbrakel", "name_fr": "Braine-le-Comte", "population": 23604, "grid_col": 15, "grid_row": 14, "displacement_km": 17.02, "centroid_lon": 4.142457, "centroid_lat": 50.61618}, "geometry": {"type": "Polygon", "coordinates": [[[4.229640709486884, 50.43168000424521], [4.229459103735731, 50.49805853791155], [4.125392149450293, 50.49789602441617], [4.12571940439891, 50.431517716459744], [4.229640709486884, 50.43168000424521]]]}}, {"type": "Feature", "properties": {"nis": "55035", "name_nl": "Le Roeulx", "name_fr": "Le Roeulx", "population": 8709, "grid_col": 16, "grid_row": 12, "displacement_km": 23.14, "centroid_lon": 4.106221, "centroid_lat": 50.507322}, "geometry": {"type": "Polygon", "coordinates": [[[4.333634129954668, 50.298990213109676], [4.333598376121881, 50.365370091001246], [4.229821807603159, 50.3653008023816], [4.230002400210039, 50.29892102063657], [4.333634129954668, 50.298990213109676]]]}}, {"type": "Feature", "properties": {"nis": "55040", "name_nl": "Zinnik", "name_fr": "Soignies", "population": 29249, "grid_col": 15, "grid_row": 13, "displacement_km": 21.12, "centroid_lon": 4.038369, "centroid_lat": 50.566114}, "geometry": {"type": "Polygon", "coordinates": [[[4.229821807603159, 50.3653008023816], [4.229640709486884, 50.43168000424521], [4.12571940439891, 50.431517716459744], [4.126045744591857, 50.365138739890895], [4.229821807603159, 50.3653008023816]]]}}, {"type": "Feature", "properties": {"nis": "55050", "name_nl": "Ecaussinnes", "name_fr": "Ecaussinnes", "population": 11622, "grid_col": 16, "grid_row": 13, "displacement_km": 19.65, "centroid_lon": 4.179474, "centroid_lat": 50.562689}, "geometry": {"type": "Polygon", "coordinates": [[[4.333598376121881, 50.365370091001246], [4.333562522207748, 50.43174938918828], [4.229640709486884, 50.43168000424521], [4.229821807603159, 50.3653008023816], [4.333598376121881, 50.365370091001246]]]}}, {"type": "Feature", "properties": {"nis": "55085", "name_nl": "Seneffe", "name_fr": "Seneffe", "population": 11631, "grid_col": 17, "grid_row": 13, "displacement_km": 18.75, "centroid_lon": 4.262658, "centroid_lat": 50.547783}, "geometry": {"type": "Polygon", "coordinates": [[[4.43737504472156, 50.36534660534633], [4.437484435430373, 50.43172587088414], [4.33356252220775, 50.43174938918828], [4.333598376121882, 50.365370091001246], [4.43737504472156, 50.36534660534633]]]}}, {"type": "Feature", "properties": {"nis": "55086", "name_nl": "Manage", "name_fr": "Manage", "population": 24202, "grid_col": 17, "grid_row": 12, "displacement_km": 20.71, "centroid_lon": 4.239086, "centroid_lat": 50.493178}, "geometry": {"type": "Polygon", "coordinates": [[[4.437265959361796, 50.29896676004405], [4.43737504472156, 50.36534660534633], [4.333598376121882, 50.365370091001246], [4.33363412995467, 50.298990213109676], [4.437265959361796, 50.29896676004405]]]}}, {"type": "Feature", "properties": {"nis": "56001", "name_nl": "Anderlues", "name_fr": "Anderlues", "population": 12955, "grid_col": 18, "grid_row": 10, "displacement_km": 27.73, "centroid_lon": 4.265602, "centroid_lat": 50.403622}, "geometry": {"type": "Polygon", "coordinates": [[[4.540391758592532, 50.16608990612671], [4.540644269222609, 50.232470485738354], [4.437157178074354, 50.23258642317749], [4.437048699589614, 50.16620568283163], [4.540391758592532, 50.16608990612671]]]}}, {"type": "Feature", "properties": {"nis": "56005", "name_nl": "Beaumont", "name_fr": "Beaumont", "population": 7096, "grid_col": 18, "grid_row": 8, "displacement_km": 24.41, "centroid_lon": 4.259167, "centroid_lat": 50.229259}, "geometry": {"type": "Polygon", "coordinates": [[[4.539888840128425, 50.03332788734869], [4.540139949868662, 50.09970901071175], [4.436940522645014, 50.099824626976144], [4.436832645985004, 50.03344334346523], [4.539888840128425, 50.03332788734869]]]}}, {"type": "Feature", "properties": {"nis": "56016", "name_nl": "Chimay", "name_fr": "Chimay", "population": 9673, "grid_col": 22, "grid_row": 5, "displacement_km": 45.56, "centroid_lon": 4.324392, "centroid_lat": 50.040833}, "geometry": {"type": "Polygon", "coordinates": [[[4.949644362648001, 49.83280662964177], [4.950461535497473, 49.899186002831094], [4.847695741585465, 49.89966863929384], [4.847020594414313, 49.83328859846435], [4.949644362648001, 49.83280662964177]]]}}, {"type": "Feature", "properties": {"nis": "56022", "name_nl": "Erquelinnes", "name_fr": "Erquelinnes", "population": 9983, "grid_col": 16, "grid_row": 8, "displacement_km": 28.32, "centroid_lon": 4.138525, "centroid_lat": 50.303983}, "geometry": {"type": "Polygon", "coordinates": [[[4.333776152806735, 50.03346666676911], [4.333740795137935, 50.099847982631566], [4.230541166051892, 50.09977907754301], [4.230719757640265, 50.033397857125735], [4.333776152806735, 50.03346666676911]]]}}, {"type": "Feature", "properties": {"nis": "56029", "name_nl": "Froidchapelle", "name_fr": "Froidchapelle", "population": 4067, "grid_col": 18, "grid_row": 7, "displacement_km": 20.93, "centroid_lon": 4.347481, "centroid_lat": 50.165178}, "geometry": {"type": "Polygon", "coordinates": [[[4.539638426465449, 49.96694662377732], [4.539888840128425, 50.03332788734869], [4.436832645985004, 50.03344334346523], [4.436725068360992, 49.967061920037615], [4.539638426465449, 49.96694662377732]]]}}, {"type": "Feature", "properties": {"nis": "56044", "name_nl": "Lobbes", "name_fr": "Lobbes", "population": 5958, "grid_col": 17, "grid_row": 9, "displacement_km": 26.81, "centroid_lon": 4.241733, "centroid_lat": 50.355786}, "geometry": {"type": "Polygon", "coordinates": [[[4.436940522645014, 50.099824626976144], [4.437048699589614, 50.16620568283163], [4.333705339047722, 50.166229070897735], [4.333740795137937, 50.099847982631566], [4.436940522645014, 50.099824626976144]]]}}, {"type": "Feature", "properties": {"nis": "56049", "name_nl": "Merbes-le-Château", "name_fr": "Merbes-le-Château", "population": 4137, "grid_col": 17, "grid_row": 8, "displacement_km": 31.39, "centroid_lon": 4.19457, "centroid_lat": 50.320948}, "geometry": {"type": "Polygon", "coordinates": [[[4.436832645985004, 50.03344334346523], [4.436940522645014, 50.099824626976144], [4.333740795137937, 50.099847982631566], [4.333776152806736, 50.03346666676911], [4.436832645985004, 50.03344334346523]]]}}, {"type": "Feature", "properties": {"nis": "56051", "name_nl": "Momignies", "name_fr": "Momignies", "population": 5213, "grid_col": 17, "grid_row": 7, "displacement_km": 12.03, "centroid_lon": 4.21757, "centroid_lat": 50.002536}, "geometry": {"type": "Polygon", "coordinates": [[[4.436725068360992, 49.967061920037615], [4.436832645985004, 50.03344334346523], [4.333776152806736, 50.03346666676911], [4.333811412463361, 49.96708521104887], [4.436725068360992, 49.967061920037615]]]}}, {"type": "Feature", "properties": {"nis": "56078", "name_nl": "Thuin", "name_fr": "Thuin", "population": 14864, "grid_col": 18, "grid_row": 9, "displacement_km": 24.77, "centroid_lon": 4.310772, "centroid_lat": 50.324252}, "geometry": {"type": "Polygon", "coordinates": [[[4.540139949868662, 50.09970901071175], [4.540391758592532, 50.16608990612671], [4.437048699589614, 50.16620568283163], [4.436940522645014, 50.099824626976144], [4.540139949868662, 50.09970901071175]]]}}, {"type": "Feature", "properties": {"nis": "56086", "name_nl": "Ham-sur-Heure-Nalinnes", "name_fr": "Ham-sur-Heure-Nalinnes", "population": 13838, "grid_col": 20, "grid_row": 9, "displacement_km": 29.54, "centroid_lon": 4.413978, "centroid_lat": 50.327444}, "geometry": {"type": "Polygon", "coordinates": [[[4.746536308691861, 50.099200999562754], [4.747075370539701, 50.16558119001745], [4.643734115691961, 50.16588174145347], [4.643338678111378, 50.09950113450672], [4.746536308691861, 50.099200999562754]]]}}, {"type": "Feature", "properties": {"nis": "56088", "name_nl": "Sivry-Rance", "name_fr": "Sivry-Rance", "population": 4862, "grid_col": 16, "grid_row": 7, "displacement_km": 18.49, "centroid_lon": 4.210568, "centroid_lat": 50.159936}, "geometry": {"type": "Polygon", "coordinates": [[[4.333811412463359, 49.96708521104887], [4.333776152806735, 50.03346666676911], [4.230719757640265, 50.033397857125735], [4.230897854170554, 49.967016496676884], [4.333811412463359, 49.96708521104887]]]}}, {"type": "Feature", "properties": {"nis": "57003", "name_nl": "Antoing", "name_fr": "Antoing", "population": 7538, "grid_col": 9, "grid_row": 15, "displacement_km": 6.87, "centroid_lon": 3.465812, "centroid_lat": 50.556129}, "geometry": {"type": "Polygon", "coordinates": [[[3.605079332784432, 50.495688028445485], [3.604020961633535, 50.56206250718208], [3.499819641431008, 50.56134083767146], [3.501024021525995, 50.494967361619565], [3.605079332784432, 50.495688028445485]]]}}, {"type": "Feature", "properties": {"nis": "57018", "name_nl": "Celles", "name_fr": "Celles", "population": 5775, "grid_col": 8, "grid_row": 17, "displacement_km": 4.81, "centroid_lon": 3.449127, "centroid_lat": 50.703663}, "geometry": {"type": "Polygon", "coordinates": [[[3.498611876300473, 50.627713460597725], [3.497400711843959, 50.694085141709216], [3.39290955485788, 50.69326805839297], [3.394267536183992, 50.62689751354749], [3.498611876300473, 50.627713460597725]]]}}, {"type": "Feature", "properties": {"nis": "57027", "name_nl": "Estaimpuis", "name_fr": "Estaimpuis", "population": 10878, "grid_col": 7, "grid_row": 17, "displacement_km": 4.86, "centroid_lon": 3.288524, "centroid_lat": 50.687625}, "geometry": {"type": "Polygon", "coordinates": [[[3.394267536183992, 50.62689751354749], [3.39290955485788, 50.69326805839297], [3.288422225227778, 50.69235757700928], [3.289927007311868, 50.625988298281875], [3.394267536183992, 50.62689751354749]]]}}, {"type": "Feature", "properties": {"nis": "57062", "name_nl": "Pecq", "name_fr": "Pecq", "population": 5899, "grid_col": 7, "grid_row": 16, "displacement_km": 10.27, "centroid_lon": 3.356789, "centroid_lat": 50.685134}, "geometry": {"type": "Polygon", "coordinates": [[[3.395621706250695, 50.56052602478722], [3.394267536183992, 50.62689751354749], [3.289927007311868, 50.625988298281875], [3.291427566293422, 50.55961807329986], [3.395621706250695, 50.56052602478722]]]}}, {"type": "Feature", "properties": {"nis": "57064", "name_nl": "Péruwelz", "name_fr": "Péruwelz", "population": 17350, "grid_col": 10, "grid_row": 15, "displacement_km": 6.58, "centroid_lon": 3.563863, "centroid_lat": 50.529452}, "geometry": {"type": "Polygon", "coordinates": [[[3.709137606295781, 50.49631567707484], [3.708225256577472, 50.56269102909371], [3.604020961633535, 50.56206250718208], [3.605079332784432, 50.495688028445485], [3.709137606295781, 50.49631567707484]]]}}, {"type": "Feature", "properties": {"nis": "57072", "name_nl": "Rumes", "name_fr": "Rumes", "population": 5345, "grid_col": 7, "grid_row": 15, "displacement_km": 2.61, "centroid_lon": 3.319833, "centroid_lat": 50.54449}, "geometry": {"type": "Polygon", "coordinates": [[[3.396972081079418, 50.49415368080873], [3.395621706250695, 50.56052602478722], [3.291427566293422, 50.55961807329986], [3.292923919924227, 50.493246990768036], [3.396972081079418, 50.49415368080873]]]}}, {"type": "Feature", "properties": {"nis": "57081", "name_nl": "Doornik", "name_fr": "Tournai", "population": 68991, "grid_col": 8, "grid_row": 16, "displacement_km": 3.7, "centroid_lon": 3.40803, "centroid_lat": 50.616212}, "geometry": {"type": "Polygon", "coordinates": [[[3.499819641431007, 50.56134083767146], [3.498611876300473, 50.627713460597725], [3.394267536183992, 50.62689751354749], [3.395621706250695, 50.56052602478722], [3.499819641431007, 50.56134083767146]]]}}, {"type": "Feature", "properties": {"nis": "57093", "name_nl": "Brunehaut", "name_fr": "Brunehaut", "population": 8129, "grid_col": 8, "grid_row": 15, "displacement_km": 3.78, "centroid_lon": 3.395081, "centroid_lat": 50.527152}, "geometry": {"type": "Polygon", "coordinates": [[[3.501024021525994, 50.494967361619565], [3.499819641431007, 50.56134083767146], [3.395621706250695, 50.56052602478722], [3.396972081079418, 50.49415368080873], [3.501024021525994, 50.494967361619565]]]}}, {"type": "Feature", "properties": {"nis": "57094", "name_nl": "Leuze-en-Hainaut", "name_fr": "Leuze-en-Hainaut", "population": 14200, "grid_col": 10, "grid_row": 16, "displacement_km": 1.9, "centroid_lon": 3.62887, "centroid_lat": 50.59727}, "geometry": {"type": "Polygon", "coordinates": [[[3.708225256577472, 50.56269102909371], [3.707310342458752, 50.62906553145488], [3.60295961572951, 50.62843613464657], [3.604020961633535, 50.56206250718208], [3.708225256577472, 50.56269102909371]]]}}, {"type": "Feature", "properties": {"nis": "57095", "name_nl": "Mont-de-l’Enclus", "name_fr": "Mont-de-l’Enclus", "population": 3838, "grid_col": 9, "grid_row": 17, "displacement_km": 9.14, "centroid_lon": 3.504529, "centroid_lat": 50.738113}, "geometry": {"type": "Polygon", "coordinates": [[[3.60295961572951, 50.62843613464657], [3.601895282513482, 50.69480882215638], [3.497400711843961, 50.694085141709216], [3.498611876300474, 50.627713460597725], [3.60295961572951, 50.62843613464657]]]}}, {"type": "Feature", "properties": {"nis": "57096", "name_nl": "Moeskroen", "name_fr": "Mouscron", "population": 60304, "grid_col": 6, "grid_row": 18, "displacement_km": 1.68, "centroid_lon": 3.251047, "centroid_lat": 50.736373}, "geometry": {"type": "Polygon", "coordinates": [[[3.288422225227778, 50.69235757700928], [3.286913202189319, 50.75872582066208], [3.182282917108047, 50.7577205480197], [3.183939136535253, 50.69135370290839], [3.288422225227778, 50.69235757700928]]]}}, {"type": "Feature", "properties": {"nis": "57097", "name_nl": "Komen-Waasten", "name_fr": "Comines-Warneton", "population": 18337, "grid_col": 3, "grid_row": 18, "displacement_km": 3.39, "centroid_lon": 2.930354, "centroid_lat": 50.751588}, "geometry": {"type": "Polygon", "coordinates": [[[2.97498733577577, 50.68906580069801], [2.97303678442448, 50.75542945857944], [2.868421766938391, 50.75414365526767], [2.870519450329033, 50.687781786030726], [2.97498733577577, 50.68906580069801]]]}}, {"type": "Feature", "properties": {"nis": "58001", "name_nl": "La Louvière", "name_fr": "La Louvière", "population": 81674, "grid_col": 16, "grid_row": 11, "displacement_km": 24.76, "centroid_lon": 4.156614, "centroid_lat": 50.473486}, "geometry": {"type": "Polygon", "coordinates": [[[4.333669784124571, 50.23260984371359], [4.333634129954668, 50.298990213109676], [4.230002400210039, 50.29892102063657], [4.230182489421158, 50.232540747210756], [4.333669784124571, 50.23260984371359]]]}}, {"type": "Feature", "properties": {"nis": "58002", "name_nl": "Binche", "name_fr": "Binche", "population": 33784, "grid_col": 17, "grid_row": 10, "displacement_km": 27.59, "centroid_lon": 4.177393, "centroid_lat": 50.408664}, "geometry": {"type": "Polygon", "coordinates": [[[4.437048699589614, 50.16620568283163], [4.437157178074354, 50.23258642317749], [4.333669784124573, 50.23260984371359], [4.333705339047722, 50.166229070897735], [4.437048699589614, 50.16620568283163]]]}}, {"type": "Feature", "properties": {"nis": "58003", "name_nl": "Estinnes", "name_fr": "Estinnes", "population": 7947, "grid_col": 16, "grid_row": 10, "displacement_km": 23.78, "centroid_lon": 4.10063, "centroid_lat": 50.378829}, "geometry": {"type": "Polygon", "coordinates": [[[4.333705339047721, 50.166229070897735], [4.333669784124571, 50.23260984371359], [4.230182489421158, 50.232540747210756], [4.230362077338382, 50.166160070189555], [4.333705339047721, 50.166229070897735]]]}}, {"type": "Feature", "properties": {"nis": "58004", "name_nl": "Morlanwelz", "name_fr": "Morlanwelz", "population": 19113, "grid_col": 17, "grid_row": 11, "displacement_km": 22.59, "centroid_lon": 4.243648, "centroid_lat": 50.447505}, "geometry": {"type": "Polygon", "coordinates": [[[4.437157178074354, 50.23258642317749], [4.437265959361796, 50.29896676004405], [4.33363412995467, 50.298990213109676], [4.333669784124573, 50.23260984371359], [4.437157178074354, 50.23258642317749]]]}}, {"type": "Feature", "properties": {"nis": "61003", "name_nl": "Amay", "name_fr": "Amay", "population": 14494, "grid_col": 27, "grid_row": 11, "displacement_km": 33.4, "centroid_lon": 5.311579, "centroid_lat": 50.55295}, "geometry": {"type": "Polygon", "coordinates": [[[5.471948136500385, 50.22726407625815], [5.473500924461936, 50.29363702129503], [5.369890299493471, 50.294586833404274], [5.368481858464636, 50.22821257115015], [5.471948136500385, 50.22726407625815]]]}}, {"type": "Feature", "properties": {"nis": "61010", "name_nl": "Burdinne", "name_fr": "Burdinne", "population": 3334, "grid_col": 25, "grid_row": 12, "displacement_km": 29.37, "centroid_lon": 5.099506, "centroid_lat": 50.582585}, "geometry": {"type": "Polygon", "coordinates": [[[5.266275738303087, 50.29544402556724], [5.267543348873607, 50.36181897608505], [5.163780473265049, 50.36258460563373], [5.162657644220879, 50.29620859280247], [5.266275738303087, 50.29544402556724]]]}}, {"type": "Feature", "properties": {"nis": "61012", "name_nl": "Clavier", "name_fr": "Clavier", "population": 4989, "grid_col": 27, "grid_row": 9, "displacement_km": 32.21, "centroid_lon": 5.335856, "centroid_lat": 50.412917}, "geometry": {"type": "Polygon", "coordinates": [[[5.468855506654388, 50.094517023187024], [5.47039966990218, 50.16089071421655], [5.367077337241756, 50.161837894301115], [5.365676719484862, 50.09546289086557], [5.468855506654388, 50.094517023187024]]]}}, {"type": "Feature", "properties": {"nis": "61019", "name_nl": "Ferrières", "name_fr": "Ferrières", "population": 5156, "grid_col": 30, "grid_row": 9, "displacement_km": 32.31, "centroid_lon": 5.620776, "centroid_lat": 50.407254}, "geometry": {"type": "Polygon", "coordinates": [[[5.778364563266316, 50.09112606509131], [5.780339248858512, 50.15749505139585], [5.677031025438856, 50.15871928647848], [5.675199826610807, 50.09234860403464], [5.778364563266316, 50.09112606509131]]]}}, {"type": "Feature", "properties": {"nis": "61024", "name_nl": "Hamoir", "name_fr": "Hamoir", "population": 3776, "grid_col": 29, "grid_row": 10, "displacement_km": 27.7, "centroid_lon": 5.555119, "centroid_lat": 50.437339}, "geometry": {"type": "Polygon", "coordinates": [[[5.677031025438856, 50.15871928647848], [5.678867327077004, 50.22508963443001], [5.575410093189565, 50.22622309533886], [5.573717699228852, 50.15985117626956], [5.677031025438856, 50.15871928647848]]]}}, {"type": "Feature", "properties": {"nis": "61028", "name_nl": "Héron", "name_fr": "Héron", "population": 5599, "grid_col": 25, "grid_row": 11, "displacement_km": 31.85, "centroid_lon": 5.105515, "centroid_lat": 50.540479}, "geometry": {"type": "Polygon", "coordinates": [[[5.265011660638152, 50.22906857451322], [5.266275738303087, 50.29544402556724], [5.162657644220879, 50.29620859280247], [5.161537944668088, 50.22983208138196], [5.265011660638152, 50.22906857451322]]]}}, {"type": "Feature", "properties": {"nis": "61031", "name_nl": "Hoei", "name_fr": "Huy", "population": 21850, "grid_col": 26, "grid_row": 11, "displacement_km": 28.29, "centroid_lon": 5.222334, "centroid_lat": 50.508784}, "geometry": {"type": "Polygon", "coordinates": [[[5.368481858464636, 50.22821257115015], [5.369890299493471, 50.294586833404274], [5.266275738303089, 50.29544402556724], [5.265011660638153, 50.22906857451322], [5.368481858464636, 50.22821257115015]]]}}, {"type": "Feature", "properties": {"nis": "61039", "name_nl": "Marchin", "name_fr": "Marchin", "population": 5636, "grid_col": 26, "grid_row": 10, "displacement_km": 30.74, "centroid_lon": 5.239534, "centroid_lat": 50.467453}, "geometry": {"type": "Polygon", "coordinates": [[[5.367077337241756, 50.161837894301115], [5.368481858464636, 50.22821257115015], [5.265011660638153, 50.22906857451322], [5.263751101130461, 50.16269271103933], [5.367077337241756, 50.161837894301115]]]}}, {"type": "Feature", "properties": {"nis": "61041", "name_nl": "Modave", "name_fr": "Modave", "population": 4169, "grid_col": 27, "grid_row": 10, "displacement_km": 32.13, "centroid_lon": 5.30186, "centroid_lat": 50.473401}, "geometry": {"type": "Polygon", "coordinates": [[[5.47039966990218, 50.16089071421655], [5.471948136500385, 50.22726407625815], [5.368481858464636, 50.22821257115015], [5.367077337241756, 50.161837894301115], [5.47039966990218, 50.16089071421655]]]}}, {"type": "Feature", "properties": {"nis": "61043", "name_nl": "Nandrin", "name_fr": "Nandrin", "population": 5755, "grid_col": 28, "grid_row": 11, "displacement_km": 29.94, "centroid_lon": 5.400672, "centroid_lat": 50.517177}, "geometry": {"type": "Polygon", "coordinates": [[[5.575410093189565, 50.22622309533886], [5.577107209970352, 50.29259459475893], [5.473500924461936, 50.29363702129503], [5.471948136500385, 50.22726407625815], [5.575410093189565, 50.22622309533886]]]}}, {"type": "Feature", "properties": {"nis": "61048", "name_nl": "Ouffet", "name_fr": "Ouffet", "population": 2822, "grid_col": 28, "grid_row": 9, "displacement_km": 35.54, "centroid_lon": 5.465946, "centroid_lat": 50.444719}, "geometry": {"type": "Polygon", "coordinates": [[[5.572030008403014, 50.09347892557707], [5.573717699228852, 50.15985117626956], [5.47039966990218, 50.16089071421655], [5.468855506654388, 50.094517023187024], [5.572030008403014, 50.09347892557707]]]}}, {"type": "Feature", "properties": {"nis": "61063", "name_nl": "Verlaine", "name_fr": "Verlaine", "population": 4414, "grid_col": 27, "grid_row": 13, "displacement_km": 25.44, "centroid_lon": 5.302247, "centroid_lat": 50.608856}, "geometry": {"type": "Polygon", "coordinates": [[[5.475058051900429, 50.3600094611948], [5.476619537030833, 50.42638130770951], [5.372719006786118, 50.42733376151649], [5.371302676759549, 50.36096059293954], [5.475058051900429, 50.3600094611948]]]}}, {"type": "Feature", "properties": {"nis": "61068", "name_nl": "Villers-Le-Bouillet", "name_fr": "Villers-Le-Bouillet", "population": 6869, "grid_col": 26, "grid_row": 13, "displacement_km": 22.78, "centroid_lon": 5.242823, "centroid_lat": 50.593341}, "geometry": {"type": "Polygon", "coordinates": [[[5.371302676759549, 50.36096059293954], [5.372719006786118, 50.42733376151649], [5.268814507180602, 50.428193337834855], [5.267543348873609, 50.36181897608505], [5.371302676759549, 50.36096059293954]]]}}, {"type": "Feature", "properties": {"nis": "61072", "name_nl": "Wanze", "name_fr": "Wanze", "population": 14005, "grid_col": 26, "grid_row": 12, "displacement_km": 26.15, "centroid_lon": 5.198011, "centroid_lat": 50.550287}, "geometry": {"type": "Polygon", "coordinates": [[[5.369890299493471, 50.294586833404274], [5.371302676759549, 50.36096059293954], [5.267543348873609, 50.36181897608505], [5.266275738303089, 50.29544402556724], [5.369890299493471, 50.294586833404274]]]}}, {"type": "Feature", "properties": {"nis": "61079", "name_nl": "Anthisnes", "name_fr": "Anthisnes", "population": 4204, "grid_col": 29, "grid_row": 11, "displacement_km": 27.24, "centroid_lon": 5.498617, "centroid_lat": 50.489372}, "geometry": {"type": "Polygon", "coordinates": [[[5.678867327077004, 50.22508963443001], [5.680708752881954, 50.29145955985323], [5.577107209970352, 50.29259459475893], [5.575410093189565, 50.22622309533886], [5.678867327077004, 50.22508963443001]]]}}, {"type": "Feature", "properties": {"nis": "61080", "name_nl": "Engis", "name_fr": "Engis", "population": 6391, "grid_col": 28, "grid_row": 12, "displacement_km": 27.51, "centroid_lon": 5.388863, "centroid_lat": 50.557562}, "geometry": {"type": "Polygon", "coordinates": [[[5.577107209970352, 50.29259459475893], [5.578809069366415, 50.35896558638811], [5.475058051900429, 50.3600094611948], [5.473500924461936, 50.29363702129503], [5.577107209970352, 50.29259459475893]]]}}, {"type": "Feature", "properties": {"nis": "61081", "name_nl": "Tinlot", "name_fr": "Tinlot", "population": 2782, "grid_col": 28, "grid_row": 10, "displacement_km": 32.92, "centroid_lon": 5.380175, "centroid_lat": 50.475135}, "geometry": {"type": "Polygon", "coordinates": [[[5.573717699228852, 50.15985117626956], [5.575410093189565, 50.22622309533886], [5.471948136500385, 50.22726407625815], [5.47039966990218, 50.16089071421655], [5.573717699228852, 50.15985117626956]]]}}, {"type": "Feature", "properties": {"nis": "62003", "name_nl": "Ans", "name_fr": "Ans", "population": 29110, "grid_col": 29, "grid_row": 15, "displacement_km": 19.84, "centroid_lon": 5.506131, "centroid_lat": 50.682712}, "geometry": {"type": "Polygon", "coordinates": [[[5.686263990659658, 50.4905659188571], [5.688126129098064, 50.55693327149327], [5.583943302864498, 50.558074631380215], [5.582227095739804, 50.491705693129255], [5.686263990659658, 50.4905659188571]]]}}, {"type": "Feature", "properties": {"nis": "62006", "name_nl": "Awans", "name_fr": "Awans", "population": 9373, "grid_col": 29, "grid_row": 16, "displacement_km": 17.16, "centroid_lon": 5.455152, "centroid_lat": 50.692831}, "geometry": {"type": "Polygon", "coordinates": [[[5.688126129098064, 50.55693327149327], [5.689993500293574, 50.62329975968654], [5.585664332900771, 50.62444270811844], [5.583943302864498, 50.558074631380215], [5.688126129098064, 50.55693327149327]]]}}, {"type": "Feature", "properties": {"nis": "62009", "name_nl": "Aywaille", "name_fr": "Aywaille", "population": 12969, "grid_col": 31, "grid_row": 11, "displacement_km": 24.31, "centroid_lon": 5.701566, "centroid_lat": 50.457566}, "geometry": {"type": "Polygon", "coordinates": [[[5.885766021185298, 50.2225452994743], [5.887895998930894, 50.288911691850316], [5.784305150170746, 50.29023192317287], [5.782319436817531, 50.22386370010533], [5.885766021185298, 50.2225452994743]]]}}, {"type": "Feature", "properties": {"nis": "62011", "name_nl": "Bitsingen", "name_fr": "Bassenge", "population": 9053, "grid_col": 30, "grid_row": 17, "displacement_km": 15.41, "centroid_lon": 5.609937, "centroid_lat": 50.765553}, "geometry": {"type": "Polygon", "coordinates": [[[5.794317412864658, 50.62206356413948], [5.796336769426209, 50.688427377891905], [5.691866126331546, 50.68966529470766], [5.689993500293574, 50.62329975968654], [5.794317412864658, 50.62206356413948]]]}}, {"type": "Feature", "properties": {"nis": "62015", "name_nl": "Beyne-Heusay", "name_fr": "Beyne-Heusay", "population": 11977, "grid_col": 31, "grid_row": 15, "displacement_km": 17.51, "centroid_lon": 5.66148, "centroid_lat": 50.628428}, "geometry": {"type": "Polygon", "coordinates": [[[5.894321740172359, 50.48800741271581], [5.896475673635337, 50.55437120623057], [5.792303722595125, 50.55569879403488], [5.790295674804643, 50.4893331563186], [5.894321740172359, 50.48800741271581]]]}}, {"type": "Feature", "properties": {"nis": "62022", "name_nl": "Chaudfontaine", "name_fr": "Chaudfontaine", "population": 20523, "grid_col": 30, "grid_row": 13, "displacement_km": 22.43, "centroid_lon": 5.633862, "centroid_lat": 50.581422}, "geometry": {"type": "Polygon", "coordinates": [[[5.786296412074196, 50.35659963243578], [5.788293245813477, 50.4229667396157], [5.684407063016574, 50.42419779039197], [5.682555324329742, 50.35782897459635], [5.786296412074196, 50.35659963243578]]]}}, {"type": "Feature", "properties": {"nis": "62026", "name_nl": "Comblain-au-Pont", "name_fr": "Comblain-au-Pont", "population": 5366, "grid_col": 30, "grid_row": 10, "displacement_km": 34.02, "centroid_lon": 5.579955, "centroid_lat": 50.481749}, "geometry": {"type": "Polygon", "coordinates": [[[5.780339248858512, 50.15749505139585], [5.782319436817529, 50.22386370010533], [5.678867327077004, 50.22508963443001], [5.677031025438856, 50.15871928647848], [5.780339248858512, 50.15749505139585]]]}}, {"type": "Feature", "properties": {"nis": "62027", "name_nl": "Dalhem", "name_fr": "Dalhem", "population": 7711, "grid_col": 32, "grid_row": 17, "displacement_km": 15.56, "centroid_lon": 5.759007, "centroid_lat": 50.720742}, "geometry": {"type": "Polygon", "coordinates": [[[6.002947827884089, 50.61931146124208], [6.005260571915497, 50.68567144320375], [5.900801722304242, 50.68709609145041], [5.898635659166087, 50.62073412872628], [6.002947827884089, 50.61931146124208]]]}}, {"type": "Feature", "properties": {"nis": "62032", "name_nl": "Esneux", "name_fr": "Esneux", "population": 12794, "grid_col": 30, "grid_row": 12, "displacement_km": 26.48, "centroid_lon": 5.568932, "centroid_lat": 50.537685}, "geometry": {"type": "Polygon", "coordinates": [[[5.784305150170744, 50.29023192317287], [5.786296412074196, 50.35659963243578], [5.682555324329742, 50.35782897459635], [5.680708752881954, 50.29145955985323], [5.784305150170744, 50.29023192317287]]]}}, {"type": "Feature", "properties": {"nis": "62038", "name_nl": "Fléron", "name_fr": "Fléron", "population": 16374, "grid_col": 31, "grid_row": 14, "displacement_km": 20.97, "centroid_lon": 5.684041, "centroid_lat": 50.615208}, "geometry": {"type": "Polygon", "coordinates": [[[5.892173833380394, 50.42164283681911], [5.894321740172359, 50.48800741271581], [5.790295674804643, 50.4893331563186], [5.788293245813478, 50.4229667396157], [5.892173833380394, 50.42164283681911]]]}}, {"type": "Feature", "properties": {"nis": "62051", "name_nl": "Herstal", "name_fr": "Herstal", "population": 40834, "grid_col": 30, "grid_row": 15, "displacement_km": 19.96, "centroid_lon": 5.60662, "centroid_lat": 50.681461}, "geometry": {"type": "Polygon", "coordinates": [[[5.790295674804641, 50.4893331563186], [5.792303722595124, 50.55569879403488], [5.688126129098064, 50.55693327149327], [5.686263990659658, 50.4905659188571], [5.790295674804641, 50.4893331563186]]]}}, {"type": "Feature", "properties": {"nis": "62060", "name_nl": "Juprelle", "name_fr": "Juprelle", "population": 9906, "grid_col": 30, "grid_row": 16, "displacement_km": 19.64, "centroid_lon": 5.546347, "centroid_lat": 50.715318}, "geometry": {"type": "Polygon", "coordinates": [[[5.792303722595124, 50.55569879403488], [5.794317412864658, 50.62206356413948], [5.689993500293574, 50.62329975968654], [5.688126129098064, 50.55693327149327], [5.792303722595124, 50.55569879403488]]]}}, {"type": "Feature", "properties": {"nis": "62063", "name_nl": "Luik", "name_fr": "Liège", "population": 197323, "grid_col": 30, "grid_row": 14, "displacement_km": 22.07, "centroid_lon": 5.590548, "centroid_lat": 50.631789}, "geometry": {"type": "Polygon", "coordinates": [[[5.788293245813477, 50.4229667396157], [5.790295674804641, 50.4893331563186], [5.686263990659658, 50.4905659188571], [5.684407063016574, 50.42419779039197], [5.788293245813477, 50.4229667396157]]]}}, {"type": "Feature", "properties": {"nis": "62079", "name_nl": "Oupeye", "name_fr": "Oupeye", "population": 25846, "grid_col": 31, "grid_row": 16, "displacement_km": 20.67, "centroid_lon": 5.641357, "centroid_lat": 50.721218}, "geometry": {"type": "Polygon", "coordinates": [[[5.896475673635337, 50.55437120623057], [5.898635659166087, 50.62073412872628], [5.794317412864659, 50.62206356413948], [5.792303722595125, 50.55569879403488], [5.896475673635337, 50.55437120623057]]]}}, {"type": "Feature", "properties": {"nis": "62093", "name_nl": "Saint-Nicolas", "name_fr": "Saint-Nicolas", "population": 24517, "grid_col": 29, "grid_row": 14, "displacement_km": 20.81, "centroid_lon": 5.526361, "centroid_lat": 50.632177}, "geometry": {"type": "Polygon", "coordinates": [[[5.684407063016574, 50.42419779039197], [5.686263990659658, 50.4905659188571], [5.582227095739804, 50.491705693129255], [5.580515691283726, 50.42533598196914], [5.684407063016574, 50.42419779039197]]]}}, {"type": "Feature", "properties": {"nis": "62096", "name_nl": "Seraing", "name_fr": "Seraing", "population": 64609, "grid_col": 29, "grid_row": 13, "displacement_km": 23.46, "centroid_lon": 5.515903, "centroid_lat": 50.589193}, "geometry": {"type": "Polygon", "coordinates": [[[5.682555324329742, 50.35782897459635], [5.684407063016574, 50.42419779039197], [5.580515691283726, 50.42533598196914], [5.578809069366415, 50.35896558638811], [5.682555324329742, 50.35782897459635]]]}}, {"type": "Feature", "properties": {"nis": "62099", "name_nl": "Soumagne", "name_fr": "Soumagne", "population": 17265, "grid_col": 32, "grid_row": 14, "displacement_km": 24.97, "centroid_lon": 5.731336, "centroid_lat": 50.632542}, "geometry": {"type": "Polygon", "coordinates": [[[5.996048419554652, 50.42022608972181], [5.998341778892707, 50.48658869579341], [5.894321740172359, 50.48800741271581], [5.892173833380394, 50.42164283681911], [5.996048419554652, 50.42022608972181]]]}}, {"type": "Feature", "properties": {"nis": "62100", "name_nl": "Sprimont", "name_fr": "Sprimont", "population": 15171, "grid_col": 30, "grid_row": 11, "displacement_km": 29.46, "centroid_lon": 5.666357, "centroid_lat": 50.519238}, "geometry": {"type": "Polygon", "coordinates": [[[5.782319436817529, 50.22386370010533], [5.784305150170744, 50.29023192317287], [5.680708752881954, 50.29145955985323], [5.678867327077004, 50.22508963443001], [5.782319436817529, 50.22386370010533]]]}}, {"type": "Feature", "properties": {"nis": "62108", "name_nl": "Wezet", "name_fr": "Visé", "population": 18110, "grid_col": 31, "grid_row": 17, "displacement_km": 14.65, "centroid_lon": 5.687451, "centroid_lat": 50.738276}, "geometry": {"type": "Polygon", "coordinates": [[[5.898635659166087, 50.62073412872628], [5.900801722304242, 50.68709609145041], [5.796336769426211, 50.688427377891905], [5.794317412864659, 50.62206356413948], [5.898635659166087, 50.62073412872628]]]}}, {"type": "Feature", "properties": {"nis": "62118", "name_nl": "Grâce-Hollogne", "name_fr": "Grâce-Hollogne", "population": 23416, "grid_col": 28, "grid_row": 14, "displacement_km": 20.87, "centroid_lon": 5.439488, "centroid_lat": 50.637744}, "geometry": {"type": "Polygon", "coordinates": [[[5.580515691283726, 50.42533598196914], [5.582227095739804, 50.491705693129255], [5.478185398170188, 50.492752472475765], [5.476619537030833, 50.42638130770951], [5.580515691283726, 50.42533598196914]]]}}, {"type": "Feature", "properties": {"nis": "62119", "name_nl": "Blegny", "name_fr": "Blegny", "population": 13579, "grid_col": 32, "grid_row": 16, "displacement_km": 19.62, "centroid_lon": 5.708866, "centroid_lat": 50.67438}, "geometry": {"type": "Polygon", "coordinates": [[[6.000641572631592, 50.55295051585014], [6.002947827884089, 50.61931146124208], [5.898635659166087, 50.62073412872628], [5.896475673635337, 50.55437120623057], [6.000641572631592, 50.55295051585014]]]}}, {"type": "Feature", "properties": {"nis": "62120", "name_nl": "Flémalle", "name_fr": "Flémalle", "population": 27045, "grid_col": 28, "grid_row": 13, "displacement_km": 23.55, "centroid_lon": 5.441255, "centroid_lat": 50.597091}, "geometry": {"type": "Polygon", "coordinates": [[[5.578809069366415, 50.35896558638811], [5.580515691283726, 50.42533598196914], [5.476619537030833, 50.42638130770951], [5.475058051900429, 50.3600094611948], [5.578809069366415, 50.35896558638811]]]}}, {"type": "Feature", "properties": {"nis": "62121", "name_nl": "Neupré", "name_fr": "Neupré", "population": 9952, "grid_col": 29, "grid_row": 12, "displacement_km": 26.35, "centroid_lon": 5.488053, "centroid_lat": 50.544104}, "geometry": {"type": "Polygon", "coordinates": [[[5.680708752881954, 50.29145955985323], [5.682555324329742, 50.35782897459635], [5.578809069366415, 50.35896558638811], [5.577107209970352, 50.29259459475893], [5.680708752881954, 50.29145955985323]]]}}, {"type": "Feature", "properties": {"nis": "62122", "name_nl": "Trooz", "name_fr": "Trooz", "population": 8200, "grid_col": 31, "grid_row": 12, "displacement_km": 28.8, "centroid_lon": 5.707437, "centroid_lat": 50.568043}, "geometry": {"type": "Polygon", "coordinates": [[[5.887895998930894, 50.288911691850316], [5.890031928004567, 50.35527756706198], [5.786296412074198, 50.35659963243578], [5.784305150170746, 50.29023192317287], [5.887895998930894, 50.288911691850316]]]}}, {"type": "Feature", "properties": {"nis": "63001", "name_nl": "Amel", "name_fr": "Amblève", "population": 5608, "grid_col": 34, "grid_row": 11, "displacement_km": 10.72, "centroid_lon": 6.18135, "centroid_lat": 50.345608}, "geometry": {"type": "Polygon", "coordinates": [[[6.196068611779326, 50.21803537887188], [6.198631226980731, 50.284395509414], [6.095059439899075, 50.285993476495314], [6.092641009551776, 50.21963113040929], [6.196068611779326, 50.21803537887188]]]}}, {"type": "Feature", "properties": {"nis": "63003", "name_nl": "Aubel", "name_fr": "Aubel", "population": 4288, "grid_col": 33, "grid_row": 16, "displacement_km": 19.22, "centroid_lon": 5.851357, "centroid_lat": 50.700502}, "geometry": {"type": "Polygon", "coordinates": [[[6.104801010139653, 50.551436731207694], [6.107253507848779, 50.61779557002803], [6.002947827884089, 50.61931146124208], [6.000641572631592, 50.55295051585014], [6.104801010139653, 50.551436731207694]]]}}, {"type": "Feature", "properties": {"nis": "63004", "name_nl": "Baelen", "name_fr": "Baelen", "population": 4529, "grid_col": 34, "grid_row": 13, "displacement_km": 23.31, "centroid_lon": 6.044818, "centroid_lat": 50.583169}, "geometry": {"type": "Polygon", "coordinates": [[[6.20120100097264, 50.350755111302476], [6.203777963788477, 50.41711409620679], [6.099916598314477, 50.4187165065841], [6.097484626703957, 50.35235529799233], [6.20120100097264, 50.350755111302476]]]}}, {"type": "Feature", "properties": {"nis": "63012", "name_nl": "Büllingen", "name_fr": "Bullange", "population": 5533, "grid_col": 36, "grid_row": 12, "displacement_km": 9.48, "centroid_lon": 6.313842, "centroid_lat": 50.395985}, "geometry": {"type": "Polygon", "coordinates": [[[6.405752922691708, 50.28092190284814], [6.408611779273803, 50.347276680167184], [6.304910186445431, 50.34906223541099], [6.302195855299721, 50.28270498159244], [6.405752922691708, 50.28092190284814]]]}}, {"type": "Feature", "properties": {"nis": "63013", "name_nl": "Bütgenbach", "name_fr": "Butgenbach", "population": 5586, "grid_col": 35, "grid_row": 13, "displacement_km": 9.61, "centroid_lon": 6.209299, "centroid_lat": 50.464541}, "geometry": {"type": "Polygon", "coordinates": [[[6.304910186445431, 50.34906223541099], [6.30763211026516, 50.41541886793098], [6.203777963788478, 50.41711409620679], [6.201201000972642, 50.350755111302476], [6.304910186445431, 50.34906223541099]]]}}, {"type": "Feature", "properties": {"nis": "63020", "name_nl": "Dison", "name_fr": "Dison", "population": 15226, "grid_col": 33, "grid_row": 14, "displacement_km": 21.8, "centroid_lon": 5.874562, "centroid_lat": 50.614027}, "geometry": {"type": "Polygon", "coordinates": [[[6.099916598314477, 50.4187165065841], [6.102355383237465, 50.48507701383852], [5.998341778892707, 50.48658869579341], [5.996048419554652, 50.42022608972181], [6.099916598314477, 50.4187165065841]]]}}, {"type": "Feature", "properties": {"nis": "63023", "name_nl": "Eupen", "name_fr": "Eupen", "population": 20053, "grid_col": 36, "grid_row": 14, "displacement_km": 24.59, "centroid_lon": 6.125492, "centroid_lat": 50.610033}, "geometry": {"type": "Polygon", "coordinates": [[[6.411478632202399, 50.41363083163788], [6.414353515065091, 50.47998426878257], [6.310361658654138, 50.48177479069076], [6.30763211026516, 50.41541886793098], [6.411478632202399, 50.41363083163788]]]}}, {"type": "Feature", "properties": {"nis": "63035", "name_nl": "Herve", "name_fr": "Herve", "population": 17784, "grid_col": 32, "grid_row": 15, "displacement_km": 17.83, "centroid_lon": 5.79622, "centroid_lat": 50.648679}, "geometry": {"type": "Polygon", "coordinates": [[[5.998341778892707, 50.48658869579341], [6.000641572631592, 50.55295051585014], [5.896475673635337, 50.55437120623057], [5.894321740172359, 50.48800741271581], [5.998341778892707, 50.48658869579341]]]}}, {"type": "Feature", "properties": {"nis": "63038", "name_nl": "Jalhay", "name_fr": "Jalhay", "population": 8770, "grid_col": 33, "grid_row": 12, "displacement_km": 24.1, "centroid_lon": 5.966493, "centroid_lat": 50.530852}, "geometry": {"type": "Polygon", "coordinates": [[[6.095059439899075, 50.285993476495314], [6.097484626703957, 50.35235529799233], [5.993761467656102, 50.353862786169636], [5.991480896386117, 50.287498873555435], [6.095059439899075, 50.285993476495314]]]}}, {"type": "Feature", "properties": {"nis": "63040", "name_nl": "Kelmis", "name_fr": "La Calamine", "population": 11338, "grid_col": 34, "grid_row": 17, "displacement_km": 12.26, "centroid_lon": 6.023398, "centroid_lat": 50.717581}, "geometry": {"type": "Polygon", "coordinates": [[[6.211552288043856, 50.616186463971], [6.214158309871369, 50.68254209531586], [6.109712905354733, 50.68415344152027], [6.107253507848779, 50.61779557002803], [6.211552288043856, 50.616186463971]]]}}, {"type": "Feature", "properties": {"nis": "63045", "name_nl": "Lierneux", "name_fr": "Lierneux", "population": 3611, "grid_col": 31, "grid_row": 9, "displacement_km": 20.73, "centroid_lon": 5.785572, "centroid_lat": 50.307785}, "geometry": {"type": "Polygon", "coordinates": [[[5.881523820475769, 50.08981131581094], [5.883641969932644, 50.156178478108316], [5.780339248858514, 50.15749505139585], [5.778364563266318, 50.09112606509131], [5.881523820475769, 50.08981131581094]]]}}, {"type": "Feature", "properties": {"nis": "63046", "name_nl": "Limburg", "name_fr": "Limbourg", "population": 5689, "grid_col": 34, "grid_row": 14, "displacement_km": 23.5, "centroid_lon": 5.937175, "centroid_lat": 50.611353}, "geometry": {"type": "Polygon", "coordinates": [[[6.203777963788477, 50.41711409620679], [6.206362145629861, 50.48347237568049], [6.102355383237465, 50.48507701383852], [6.099916598314477, 50.4187165065841], [6.203777963788477, 50.41711409620679]]]}}, {"type": "Feature", "properties": {"nis": "63048", "name_nl": "Lontzen", "name_fr": "Lontzen", "population": 6092, "grid_col": 34, "grid_row": 16, "displacement_km": 14.67, "centroid_lon": 6.012535, "centroid_lat": 50.67773}, "geometry": {"type": "Polygon", "coordinates": [[[6.208953576867798, 50.54982986116127], [6.211552288043856, 50.616186463971], [6.107253507848779, 50.61779557002803], [6.104801010139653, 50.551436731207694], [6.208953576867798, 50.54982986116127]]]}}, {"type": "Feature", "properties": {"nis": "63049", "name_nl": "Malmedy", "name_fr": "Malmedy", "population": 12991, "grid_col": 34, "grid_row": 12, "displacement_km": 14.68, "centroid_lon": 6.041666, "centroid_lat": 50.431497}, "geometry": {"type": "Polygon", "coordinates": [[[6.198631226980731, 50.284395509414], [6.20120100097264, 50.350755111302476], [6.097484626703957, 50.35235529799233], [6.095059439899075, 50.285993476495314], [6.198631226980731, 50.284395509414]]]}}, {"type": "Feature", "properties": {"nis": "63057", "name_nl": "Olne", "name_fr": "Olne", "population": 4172, "grid_col": 31, "grid_row": 13, "displacement_km": 23.32, "centroid_lon": 5.731933, "centroid_lat": 50.58732}, "geometry": {"type": "Polygon", "coordinates": [[[5.890031928004567, 50.35527756706198], [5.892173833380394, 50.42164283681911], [5.788293245813478, 50.4229667396157], [5.786296412074198, 50.35659963243578], [5.890031928004567, 50.35527756706198]]]}}, {"type": "Feature", "properties": {"nis": "63058", "name_nl": "Pepinster", "name_fr": "Pepinster", "population": 9294, "grid_col": 32, "grid_row": 13, "displacement_km": 22.98, "centroid_lon": 5.797099, "centroid_lat": 50.572238}, "geometry": {"type": "Polygon", "coordinates": [[[5.993761467656102, 50.353862786169636], [5.996048419554652, 50.42022608972181], [5.892173833380394, 50.42164283681911], [5.890031928004567, 50.35527756706198], [5.993761467656102, 50.353862786169636]]]}}, {"type": "Feature", "properties": {"nis": "63061", "name_nl": "Raeren", "name_fr": "Raeren", "population": 11185, "grid_col": 35, "grid_row": 14, "displacement_km": 25.7, "centroid_lon": 6.12509, "centroid_lat": 50.664642}, "geometry": {"type": "Polygon", "coordinates": [[[6.30763211026516, 50.41541886793098], [6.310361658654138, 50.48177479069076], [6.206362145629863, 50.48347237568049], [6.203777963788478, 50.41711409620679], [6.30763211026516, 50.41541886793098]]]}}, {"type": "Feature", "properties": {"nis": "63067", "name_nl": "Sankt Vith", "name_fr": "Saint-Vith", "population": 10180, "grid_col": 34, "grid_row": 10, "displacement_km": 11.33, "centroid_lon": 6.125872, "centroid_lat": 50.286882}, "geometry": {"type": "Polygon", "coordinates": [[[6.193513125502035, 50.151674807890636], [6.196068611779326, 50.21803537887188], [6.092641009551776, 50.21963113040929], [6.090229307471679, 50.1532683479346], [6.193513125502035, 50.151674807890636]]]}}, {"type": "Feature", "properties": {"nis": "63072", "name_nl": "Spa", "name_fr": "Spa", "population": 9806, "grid_col": 32, "grid_row": 11, "displacement_km": 24.67, "centroid_lon": 5.867083, "centroid_lat": 50.472039}, "geometry": {"type": "Polygon", "coordinates": [[[5.98920667908312, 50.22113444018207], [5.991480896386117, 50.287498873555435], [5.887895998930894, 50.288911691850316], [5.885766021185298, 50.2225452994743], [5.98920667908312, 50.22113444018207]]]}}, {"type": "Feature", "properties": {"nis": "63073", "name_nl": "Stavelot", "name_fr": "Stavelot", "population": 7279, "grid_col": 33, "grid_row": 11, "displacement_km": 19.08, "centroid_lon": 5.958053, "centroid_lat": 50.416434}, "geometry": {"type": "Polygon", "coordinates": [[[6.092641009551776, 50.21963113040929], [6.095059439899075, 50.285993476495314], [5.991480896386117, 50.287498873555435], [5.98920667908312, 50.22113444018207], [6.092641009551776, 50.21963113040929]]]}}, {"type": "Feature", "properties": {"nis": "63075", "name_nl": "Stoumont", "name_fr": "Stoumont", "population": 3233, "grid_col": 31, "grid_row": 10, "displacement_km": 24.4, "centroid_lon": 5.798406, "centroid_lat": 50.408263}, "geometry": {"type": "Polygon", "coordinates": [[[5.883641969932644, 50.156178478108316], [5.885766021185298, 50.2225452994743], [5.782319436817531, 50.22386370010533], [5.780339248858514, 50.15749505139585], [5.883641969932644, 50.156178478108316]]]}}, {"type": "Feature", "properties": {"nis": "63076", "name_nl": "Theux", "name_fr": "Theux", "population": 12144, "grid_col": 32, "grid_row": 12, "displacement_km": 22.72, "centroid_lon": 5.817506, "centroid_lat": 50.50988}, "geometry": {"type": "Polygon", "coordinates": [[[5.991480896386117, 50.287498873555435], [5.993761467656102, 50.353862786169636], [5.890031928004567, 50.35527756706198], [5.887895998930894, 50.288911691850316], [5.991480896386117, 50.287498873555435]]]}}, {"type": "Feature", "properties": {"nis": "63079", "name_nl": "Verviers", "name_fr": "Verviers", "population": 56127, "grid_col": 33, "grid_row": 13, "displacement_km": 25.52, "centroid_lon": 5.866833, "centroid_lat": 50.584949}, "geometry": {"type": "Polygon", "coordinates": [[[6.097484626703957, 50.35235529799233], [6.099916598314477, 50.4187165065841], [5.996048419554652, 50.42022608972181], [5.993761467656102, 50.353862786169636], [6.097484626703957, 50.35235529799233]]]}}, {"type": "Feature", "properties": {"nis": "63080", "name_nl": "Weismes", "name_fr": "Waimes", "population": 7560, "grid_col": 35, "grid_row": 12, "displacement_km": 18.56, "centroid_lon": 6.12472, "centroid_lat": 50.462495}, "geometry": {"type": "Polygon", "coordinates": [[[6.302195855299721, 50.28270498159244], [6.304910186445431, 50.34906223541099], [6.201201000972642, 50.350755111302476], [6.198631226980733, 50.284395509414], [6.302195855299721, 50.28270498159244]]]}}, {"type": "Feature", "properties": {"nis": "63084", "name_nl": "Welkenraedt", "name_fr": "Welkenraedt", "population": 10521, "grid_col": 34, "grid_row": 15, "displacement_km": 22.35, "centroid_lon": 5.939001, "centroid_lat": 50.663559}, "geometry": {"type": "Polygon", "coordinates": [[[6.206362145629861, 50.48347237568049], [6.208953576867798, 50.54982986116127], [6.104801010139653, 50.551436731207694], [6.102355383237465, 50.48507701383852], [6.206362145629861, 50.48347237568049]]]}}, {"type": "Feature", "properties": {"nis": "63086", "name_nl": "Trois-Ponts", "name_fr": "Trois-Ponts", "population": 2566, "grid_col": 32, "grid_row": 10, "displacement_km": 19.04, "centroid_lon": 5.884284, "centroid_lat": 50.356594}, "geometry": {"type": "Polygon", "coordinates": [[[5.986938789233834, 50.154769574236454], [5.98920667908312, 50.22113444018207], [5.885766021185298, 50.2225452994743], [5.883641969932644, 50.156178478108316], [5.986938789233834, 50.154769574236454]]]}}, {"type": "Feature", "properties": {"nis": "63087", "name_nl": "Burg-Reuland", "name_fr": "Burg-Reuland", "population": 3962, "grid_col": 33, "grid_row": 10, "displacement_km": 4.22, "centroid_lon": 6.093036, "centroid_lat": 50.203542}, "geometry": {"type": "Polygon", "coordinates": [[[6.090229307471679, 50.1532683479346], [6.092641009551776, 50.21963113040929], [5.98920667908312, 50.22113444018207], [5.986938789233834, 50.154769574236454], [6.090229307471679, 50.1532683479346]]]}}, {"type": "Feature", "properties": {"nis": "63088", "name_nl": "Plombières", "name_fr": "Plombières", "population": 10814, "grid_col": 33, "grid_row": 17, "displacement_km": 11.18, "centroid_lon": 5.948915, "centroid_lat": 50.725546}, "geometry": {"type": "Polygon", "coordinates": [[[6.107253507848779, 50.61779557002803], [6.109712905354733, 50.68415344152027], [6.005260571915497, 50.68567144320375], [6.002947827884089, 50.61931146124208], [6.107253507848779, 50.61779557002803]]]}}, {"type": "Feature", "properties": {"nis": "63089", "name_nl": "Thimister-Clermont", "name_fr": "Thimister-Clermont", "population": 5584, "grid_col": 33, "grid_row": 15, "displacement_km": 20.54, "centroid_lon": 5.869818, "centroid_lat": 50.662941}, "geometry": {"type": "Polygon", "coordinates": [[[6.102355383237465, 50.48507701383852], [6.104801010139653, 50.551436731207694], [6.000641572631592, 50.55295051585014], [5.998341778892707, 50.48658869579341], [6.102355383237465, 50.48507701383852]]]}}, {"type": "Feature", "properties": {"nis": "64008", "name_nl": "Berloz", "name_fr": "Berloz", "population": 3394, "grid_col": 26, "grid_row": 16, "displacement_km": 14.95, "centroid_lon": 5.202998, "centroid_lat": 50.703799}, "geometry": {"type": "Polygon", "coordinates": [[[5.375563591677401, 50.560077972260764], [5.376991880054235, 50.626448837372415], [5.272649418079664, 50.62731200642866], [5.271367526743762, 50.560939941526726], [5.375563591677401, 50.560077972260764]]]}}, {"type": "Feature", "properties": {"nis": "64015", "name_nl": "Braives", "name_fr": "Braives", "population": 6476, "grid_col": 25, "grid_row": 13, "displacement_km": 24.91, "centroid_lon": 5.149532, "centroid_lat": 50.61529}, "geometry": {"type": "Polygon", "coordinates": [[[5.267543348873607, 50.36181897608505], [5.268814507180601, 50.428193337834855], [5.16490644493855, 50.42896003165082], [5.163780473265049, 50.36258460563373], [5.267543348873607, 50.36181897608505]]]}}, {"type": "Feature", "properties": {"nis": "64021", "name_nl": "Crisnée", "name_fr": "Crisnée", "population": 3573, "grid_col": 28, "grid_row": 16, "displacement_km": 16.34, "centroid_lon": 5.396777, "centroid_lat": 50.710566}, "geometry": {"type": "Polygon", "coordinates": [[[5.583943302864498, 50.558074631380215], [5.585664332900771, 50.62444270811844], [5.481330322258627, 50.62549240273247], [5.479755653738335, 50.559122867014786], [5.583943302864498, 50.558074631380215]]]}}, {"type": "Feature", "properties": {"nis": "64023", "name_nl": "Donceel", "name_fr": "Donceel", "population": 3128, "grid_col": 27, "grid_row": 14, "displacement_km": 22.21, "centroid_lon": 5.326016, "centroid_lat": 50.649391}, "geometry": {"type": "Polygon", "coordinates": [[[5.476619537030833, 50.42638130770951], [5.478185398170188, 50.492752472475765], [5.374139306189034, 50.493706250780306], [5.372719006786118, 50.42733376151649], [5.476619537030833, 50.42638130770951]]]}}, {"type": "Feature", "properties": {"nis": "64025", "name_nl": "Fexhe-le-Haut-Clocher", "name_fr": "Fexhe-le-Haut-Clocher", "population": 3399, "grid_col": 28, "grid_row": 15, "displacement_km": 17.88, "centroid_lon": 5.402108, "centroid_lat": 50.663665}, "geometry": {"type": "Polygon", "coordinates": [[[5.582227095739804, 50.491705693129255], [5.583943302864498, 50.558074631380215], [5.479755653738335, 50.559122867014786], [5.478185398170188, 50.492752472475765], [5.582227095739804, 50.491705693129255]]]}}, {"type": "Feature", "properties": {"nis": "64029", "name_nl": "Geer", "name_fr": "Geer", "population": 3571, "grid_col": 26, "grid_row": 15, "displacement_km": 18.72, "centroid_lon": 5.181386, "centroid_lat": 50.669578}, "geometry": {"type": "Polygon", "coordinates": [[[5.374139306189034, 50.493706250780306], [5.375563591677401, 50.560077972260764], [5.271367526743762, 50.560939941526726], [5.27008922813808, 50.49456702246957], [5.374139306189034, 50.493706250780306]]]}}, {"type": "Feature", "properties": {"nis": "64034", "name_nl": "Hannuit", "name_fr": "Hannut", "population": 17202, "grid_col": 25, "grid_row": 14, "displacement_km": 24.91, "centroid_lon": 5.073135, "centroid_lat": 50.666006}, "geometry": {"type": "Polygon", "coordinates": [[[5.268814507180601, 50.428193337834855], [5.270089228138079, 50.49456702246957], [5.166035572452969, 50.49533478251348], [5.16490644493855, 50.42896003165082], [5.268814507180601, 50.428193337834855]]]}}, {"type": "Feature", "properties": {"nis": "64047", "name_nl": "Lijsem", "name_fr": "Lincent", "population": 3375, "grid_col": 25, "grid_row": 15, "displacement_km": 25.4, "centroid_lon": 5.027631, "centroid_lat": 50.721438}, "geometry": {"type": "Polygon", "coordinates": [[[5.270089228138079, 50.49456702246957], [5.271367526743761, 50.560939941526726], [5.167167869094051, 50.56170876976622], [5.166035572452969, 50.49533478251348], [5.270089228138079, 50.49456702246957]]]}}, {"type": "Feature", "properties": {"nis": "64056", "name_nl": "Oerle", "name_fr": "Oreye", "population": 4062, "grid_col": 28, "grid_row": 17, "displacement_km": 15.07, "centroid_lon": 5.347206, "centroid_lat": 50.723178}, "geometry": {"type": "Polygon", "coordinates": [[[5.585664332900771, 50.62444270811844], [5.587390206205505, 50.69080983462503], [5.482909422358664, 50.69186099091944], [5.481330322258627, 50.62549240273247], [5.585664332900771, 50.62444270811844]]]}}, {"type": "Feature", "properties": {"nis": "64063", "name_nl": "Remicourt", "name_fr": "Remicourt", "population": 6023, "grid_col": 27, "grid_row": 15, "displacement_km": 18.72, "centroid_lon": 5.341146, "centroid_lat": 50.685658}, "geometry": {"type": "Polygon", "coordinates": [[[5.478185398170188, 50.492752472475765], [5.479755653738335, 50.559122867014786], [5.375563591677401, 50.560077972260764], [5.374139306189034, 50.493706250780306], [5.478185398170188, 50.492752472475765]]]}}, {"type": "Feature", "properties": {"nis": "64065", "name_nl": "Saint-Georges-sur-Meuse", "name_fr": "Saint-Georges-sur-Meuse", "population": 7184, "grid_col": 27, "grid_row": 12, "displacement_km": 30.29, "centroid_lon": 5.360538, "centroid_lat": 50.596732}, "geometry": {"type": "Polygon", "coordinates": [[[5.473500924461936, 50.29363702129503], [5.475058051900429, 50.3600094611948], [5.371302676759549, 50.36096059293954], [5.369890299493471, 50.294586833404274], [5.473500924461936, 50.29363702129503]]]}}, {"type": "Feature", "properties": {"nis": "64074", "name_nl": "Borgworm", "name_fr": "Waremme", "population": 15366, "grid_col": 27, "grid_row": 16, "displacement_km": 16.03, "centroid_lon": 5.26683, "centroid_lat": 50.693871}, "geometry": {"type": "Polygon", "coordinates": [[[5.479755653738335, 50.559122867014786], [5.481330322258627, 50.62549240273247], [5.376991880054235, 50.626448837372415], [5.375563591677401, 50.560077972260764], [5.479755653738335, 50.559122867014786]]]}}, {"type": "Feature", "properties": {"nis": "64075", "name_nl": "Wasseiges", "name_fr": "Wasseiges", "population": 3187, "grid_col": 24, "grid_row": 13, "displacement_km": 25.44, "centroid_lon": 5.024385, "centroid_lat": 50.617831}, "geometry": {"type": "Polygon", "coordinates": [[[5.163780473265049, 50.36258460563373], [5.16490644493855, 50.42896003165082], [5.060995226867941, 50.429633838492094], [5.060014455039434, 50.36325747712777], [5.163780473265049, 50.36258460563373]]]}}, {"type": "Feature", "properties": {"nis": "64076", "name_nl": "Faimes", "name_fr": "Faimes", "population": 4192, "grid_col": 26, "grid_row": 14, "displacement_km": 21.2, "centroid_lon": 5.2428, "centroid_lat": 50.644806}, "geometry": {"type": "Polygon", "coordinates": [[[5.372719006786118, 50.42733376151649], [5.374139306189034, 50.493706250780306], [5.27008922813808, 50.49456702246957], [5.268814507180602, 50.428193337834855], [5.372719006786118, 50.42733376151649]]]}}, {"type": "Feature", "properties": {"nis": "71002", "name_nl": "As", "name_fr": "As", "population": 8298, "grid_col": 29, "grid_row": 22, "displacement_km": 4.94, "centroid_lon": 5.584812, "centroid_lat": 51.00868}, "geometry": {"type": "Polygon", "coordinates": [[[5.699409624989291, 50.955116124451195], [5.701308860906421, 51.02147555863947], [5.596092942322468, 51.02262810045985], [5.594342543278723, 50.956267059925565], [5.699409624989291, 50.955116124451195]]]}}, {"type": "Feature", "properties": {"nis": "71004", "name_nl": "Beringen", "name_fr": "Beringen", "population": 48755, "grid_col": 27, "grid_row": 23, "displacement_km": 14.25, "centroid_lon": 5.236132, "centroid_lat": 51.065491}, "geometry": {"type": "Polygon", "coordinates": [[[5.490872055911129, 51.023686606007814], [5.49247814260021, 51.09004763966894], [5.387103411051005, 51.091013449474296], [5.385646623942012, 51.024651069005216], [5.490872055911129, 51.023686606007814]]]}}, {"type": "Feature", "properties": {"nis": "71011", "name_nl": "Diepenbeek", "name_fr": "Diepenbeek", "population": 19788, "grid_col": 28, "grid_row": 20, "displacement_km": 10.48, "centroid_lon": 5.417416, "centroid_lat": 50.911466}, "geometry": {"type": "Polygon", "coordinates": [[[5.590856564622259, 50.82354088149167], [5.59259709102486, 50.88990462383804], [5.487673499992357, 50.89096018147539], [5.486080992333998, 50.82459496928807], [5.590856564622259, 50.82354088149167]]]}}, {"type": "Feature", "properties": {"nis": "71016", "name_nl": "Genk", "name_fr": "Genk", "population": 68058, "grid_col": 29, "grid_row": 21, "displacement_km": 11.71, "centroid_lon": 5.495003, "centroid_lat": 50.967174}, "geometry": {"type": "Polygon", "coordinates": [[[5.697515756225767, 50.888755291716315], [5.699409624989291, 50.955116124451195], [5.594342543278723, 50.956267059925565], [5.59259709102486, 50.88990462383804], [5.697515756225767, 50.888755291716315]]]}}, {"type": "Feature", "properties": {"nis": "71017", "name_nl": "Gingelom", "name_fr": "Gingelom", "population": 8788, "grid_col": 26, "grid_row": 17, "displacement_km": 13.98, "centroid_lon": 5.169565, "centroid_lat": 50.737393}, "geometry": {"type": "Polygon", "coordinates": [[[5.376991880054235, 50.626448837372415], [5.378424188217119, 50.69281875741459], [5.273934917312689, 50.693683128482554], [5.272649418079664, 50.62731200642866], [5.376991880054235, 50.626448837372415]]]}}, {"type": "Feature", "properties": {"nis": "71020", "name_nl": "Halen", "name_fr": "Halen", "population": 9490, "grid_col": 26, "grid_row": 21, "displacement_km": 16.86, "centroid_lon": 5.094256, "centroid_lat": 50.950008}, "geometry": {"type": "Polygon", "coordinates": [[[5.382745401830486, 50.89192195839122], [5.384193960028236, 50.95828720884737], [5.279113299558808, 50.95915641033518], [5.277813215349452, 50.89278994890215], [5.382745401830486, 50.89192195839122]]]}}, {"type": "Feature", "properties": {"nis": "71024", "name_nl": "Herk-de-Stad", "name_fr": "Herck-la-Ville", "population": 12927, "grid_col": 27, "grid_row": 21, "displacement_km": 18.21, "centroid_lon": 5.177696, "centroid_lat": 50.937383}, "geometry": {"type": "Polygon", "coordinates": [[[5.487673499992357, 50.89096018147539], [5.48927051479808, 50.957324090143494], [5.384193960028236, 50.95828720884737], [5.382745401830486, 50.89192195839122], [5.487673499992357, 50.89096018147539]]]}}, {"type": "Feature", "properties": {"nis": "71034", "name_nl": "Leopoldsburg", "name_fr": "Bourg-Léopold", "population": 16858, "grid_col": 27, "grid_row": 24, "displacement_km": 13.32, "centroid_lon": 5.250538, "centroid_lat": 51.117411}, "geometry": {"type": "Polygon", "coordinates": [[[5.49247814260021, 51.09004763966894], [5.494088794243543, 51.156407101612636], [5.388564338933755, 51.157374260749464], [5.387103411051005, 51.091013449474296], [5.49247814260021, 51.09004763966894]]]}}, {"type": "Feature", "properties": {"nis": "71037", "name_nl": "Lummen", "name_fr": "Lummen", "population": 15347, "grid_col": 26, "grid_row": 22, "displacement_km": 10.47, "centroid_lon": 5.18324, "centroid_lat": 50.995352}, "geometry": {"type": "Polygon", "coordinates": [[[5.384193960028236, 50.95828720884737], [5.385646623942012, 51.024651069005216], [5.280417068794239, 51.02552148373124], [5.279113299558808, 50.95915641033518], [5.384193960028236, 50.95828720884737]]]}}, {"type": "Feature", "properties": {"nis": "71045", "name_nl": "Nieuwerkerken", "name_fr": "Nieuwerkerken", "population": 7328, "grid_col": 26, "grid_row": 19, "displacement_km": 12.97, "centroid_lon": 5.205001, "centroid_lat": 50.879511}, "geometry": {"type": "Polygon", "coordinates": [[[5.379860533158873, 50.75918764357153], [5.381300931968226, 50.82555540691234], [5.276516800565754, 50.826422188699695], [5.275224039695225, 50.76005321888053], [5.379860533158873, 50.75918764357153]]]}}, {"type": "Feature", "properties": {"nis": "71053", "name_nl": "Sint-Truiden", "name_fr": "Saint-Trond", "population": 41743, "grid_col": 27, "grid_row": 18, "displacement_km": 18.68, "centroid_lon": 5.202973, "centroid_lat": 50.810381}, "geometry": {"type": "Polygon", "coordinates": [[[5.482909422358664, 50.69186099091944], [5.484492972771021, 50.75822854275119], [5.379860533158873, 50.75918764357153], [5.378424188217119, 50.69281875741459], [5.482909422358664, 50.69186099091944]]]}}, {"type": "Feature", "properties": {"nis": "71066", "name_nl": "Zonhoven", "name_fr": "Zonhoven", "population": 21923, "grid_col": 28, "grid_row": 21, "displacement_km": 13.82, "centroid_lon": 5.376562, "centroid_lat": 50.991852}, "geometry": {"type": "Polygon", "coordinates": [[[5.59259709102486, 50.88990462383804], [5.594342543278723, 50.956267059925565], [5.48927051479808, 50.957324090143494], [5.487673499992357, 50.89096018147539], [5.59259709102486, 50.88990462383804]]]}}, {"type": "Feature", "properties": {"nis": "71067", "name_nl": "Zutendaal", "name_fr": "Zutendaal", "population": 7404, "grid_col": 29, "grid_row": 19, "displacement_km": 16.58, "centroid_lon": 5.575487, "centroid_lat": 50.932751}, "geometry": {"type": "Polygon", "coordinates": [[[5.693744029421782, 50.75602978771204], [5.69562723189941, 50.82239314973992], [5.590856564622259, 50.82354088149167], [5.589120943250294, 50.75717592206587], [5.693744029421782, 50.75602978771204]]]}}, {"type": "Feature", "properties": {"nis": "71070", "name_nl": "Heusden-Zolder", "name_fr": "Heusden-Zolder", "population": 34985, "grid_col": 27, "grid_row": 22, "displacement_km": 10.9, "centroid_lon": 5.289144, "centroid_lat": 51.019863}, "geometry": {"type": "Polygon", "coordinates": [[[5.48927051479808, 50.957324090143494], [5.490872055911129, 51.023686606007814], [5.385646623942012, 51.024651069005216], [5.384193960028236, 50.95828720884737], [5.48927051479808, 50.957324090143494]]]}}, {"type": "Feature", "properties": {"nis": "71071", "name_nl": "Tessenderlo-Ham", "name_fr": "Tessenderlo-Ham", "population": 30645, "grid_col": 26, "grid_row": 23, "displacement_km": 16.11, "centroid_lon": 5.105012, "centroid_lat": 51.072442}, "geometry": {"type": "Polygon", "coordinates": [[[5.385646623942012, 51.024651069005216], [5.387103411051005, 51.091013449474296], [5.281724538744719, 51.091885079708035], [5.280417068794239, 51.02552148373124], [5.385646623942012, 51.024651069005216]]]}}, {"type": "Feature", "properties": {"nis": "71072", "name_nl": "Hasselt", "name_fr": "Hasselt", "population": 90249, "grid_col": 27, "grid_row": 20, "displacement_km": 9.55, "centroid_lon": 5.33259, "centroid_lat": 50.91496}, "geometry": {"type": "Polygon", "coordinates": [[[5.486080992333998, 50.82459496928807], [5.487673499992357, 50.89096018147539], [5.382745401830486, 50.89192195839122], [5.381300931968226, 50.82555540691234], [5.486080992333998, 50.82459496928807]]]}}, {"type": "Feature", "properties": {"nis": "72003", "name_nl": "Bocholt", "name_fr": "Bocholt", "population": 13875, "grid_col": 29, "grid_row": 25, "displacement_km": 6.25, "centroid_lon": 5.563836, "centroid_lat": 51.186996}, "geometry": {"type": "Polygon", "coordinates": [[[5.705123525712725, 51.15418987358118], [5.707039000682998, 51.220544575149894], [5.601374031366708, 51.221701954076174], [5.599608665129073, 51.155345637116675], [5.705123525712725, 51.15418987358118]]]}}, {"type": "Feature", "properties": {"nis": "72004", "name_nl": "Bree", "name_fr": "Bree", "population": 17210, "grid_col": 29, "grid_row": 24, "displacement_km": 2.62, "centroid_lon": 5.632525, "centroid_lat": 51.141902}, "geometry": {"type": "Polygon", "coordinates": [[[5.703213486822508, 51.087833504861116], [5.705123525712725, 51.15418987358118], [5.599608665129073, 51.155345637116675], [5.597848309213543, 51.08898765603158], [5.703213486822508, 51.087833504861116]]]}}, {"type": "Feature", "properties": {"nis": "72018", "name_nl": "Kinrooi", "name_fr": "Kinrooi", "population": 12527, "grid_col": 30, "grid_row": 24, "displacement_km": 3.63, "centroid_lon": 5.760283, "centroid_lat": 51.152983}, "geometry": {"type": "Polygon", "coordinates": [[[5.808573251479133, 51.086585193015516], [5.81063295023827, 51.15293981788681], [5.705123525712725, 51.15418987358118], [5.703213486822508, 51.087833504861116], [5.808573251479133, 51.086585193015516]]]}}, {"type": "Feature", "properties": {"nis": "72020", "name_nl": "Lommel", "name_fr": "Lommel", "population": 35208, "grid_col": 27, "grid_row": 25, "displacement_km": 10.56, "centroid_lon": 5.302014, "centroid_lat": 51.225611}, "geometry": {"type": "Polygon", "coordinates": [[[5.494088794243543, 51.156407101612636], [5.495704030329652, 51.222764902210045], [5.390029425268866, 51.22373341321093], [5.388564338933755, 51.157374260749464], [5.494088794243543, 51.156407101612636]]]}}, {"type": "Feature", "properties": {"nis": "72021", "name_nl": "Maaseik", "name_fr": "Maaseik", "population": 25828, "grid_col": 30, "grid_row": 23, "displacement_km": 4.68, "centroid_lon": 5.715197, "centroid_lat": 51.087872}, "geometry": {"type": "Polygon", "coordinates": [[[5.806519389513055, 51.020228987382204], [5.808573251479133, 51.086585193015516], [5.703213486822508, 51.087833504861116], [5.701308860906421, 51.02147555863947], [5.806519389513055, 51.020228987382204]]]}}, {"type": "Feature", "properties": {"nis": "72030", "name_nl": "Peer", "name_fr": "Peer", "population": 16685, "grid_col": 28, "grid_row": 23, "displacement_km": 9.89, "centroid_lon": 5.461595, "centroid_lat": 51.128411}, "geometry": {"type": "Polygon", "coordinates": [[[5.596092942322468, 51.02262810045985], [5.597848309213543, 51.08898765603158], [5.49247814260021, 51.09004763966894], [5.490872055911129, 51.023686606007814], [5.596092942322468, 51.02262810045985]]]}}, {"type": "Feature", "properties": {"nis": "72037", "name_nl": "Hamont-Achel", "name_fr": "Hamont-Achel", "population": 14568, "grid_col": 28, "grid_row": 26, "displacement_km": 2.99, "centroid_lon": 5.507263, "centroid_lat": 51.260147}, "geometry": {"type": "Polygon", "coordinates": [[[5.601374031366708, 51.221701954076174], [5.603144429345487, 51.28805651715651], [5.497323870458136, 51.28912095171753], [5.495704030329652, 51.222764902210045], [5.601374031366708, 51.221701954076174]]]}}, {"type": "Feature", "properties": {"nis": "72038", "name_nl": "Hechtel-Eksel", "name_fr": "Hechtel-Eksel", "population": 13105, "grid_col": 28, "grid_row": 24, "displacement_km": 14.07, "centroid_lon": 5.346517, "centroid_lat": 51.13851}, "geometry": {"type": "Polygon", "coordinates": [[[5.597848309213543, 51.08898765603158], [5.599608665129073, 51.155345637116675], [5.494088794243543, 51.156407101612636], [5.49247814260021, 51.09004763966894], [5.597848309213543, 51.08898765603158]]]}}, {"type": "Feature", "properties": {"nis": "72039", "name_nl": "Houthalen-Helchteren", "name_fr": "Houthalen-Helchteren", "population": 30945, "grid_col": 28, "grid_row": 22, "displacement_km": 11.25, "centroid_lon": 5.408367, "centroid_lat": 51.045306}, "geometry": {"type": "Polygon", "coordinates": [[[5.594342543278723, 50.956267059925565], [5.596092942322468, 51.02262810045985], [5.490872055911129, 51.023686606007814], [5.48927051479808, 50.957324090143494], [5.594342543278723, 50.956267059925565]]]}}, {"type": "Feature", "properties": {"nis": "72041", "name_nl": "Dilsen-Stokkem", "name_fr": "Dilsen-Stokkem", "population": 21486, "grid_col": 30, "grid_row": 22, "displacement_km": 6.09, "centroid_lon": 5.712029, "centroid_lat": 51.035957}, "geometry": {"type": "Polygon", "coordinates": [[[5.804471339567735, 50.953871290533485], [5.806519389513055, 51.020228987382204], [5.701308860906421, 51.02147555863947], [5.699409624989291, 50.955116124451195], [5.804471339567735, 50.953871290533485]]]}}, {"type": "Feature", "properties": {"nis": "72042", "name_nl": "Oudsbergen", "name_fr": "Oudsbergen", "population": 23871, "grid_col": 29, "grid_row": 23, "displacement_km": 6.89, "centroid_lon": 5.556336, "centroid_lat": 51.074869}, "geometry": {"type": "Polygon", "coordinates": [[[5.701308860906421, 51.02147555863947], [5.703213486822508, 51.087833504861116], [5.597848309213543, 51.08898765603158], [5.596092942322468, 51.02262810045985], [5.701308860906421, 51.02147555863947]]]}}, {"type": "Feature", "properties": {"nis": "72043", "name_nl": "Pelt", "name_fr": "Pelt", "population": 34635, "grid_col": 28, "grid_row": 25, "displacement_km": 8.9, "centroid_lon": 5.427174, "centroid_lat": 51.215}, "geometry": {"type": "Polygon", "coordinates": [[[5.599608665129073, 51.155345637116675], [5.601374031366708, 51.221701954076174], [5.495704030329652, 51.222764902210045], [5.494088794243543, 51.156407101612636], [5.599608665129073, 51.155345637116675]]]}}, {"type": "Feature", "properties": {"nis": "73001", "name_nl": "Alken", "name_fr": "Alken", "population": 11937, "grid_col": 27, "grid_row": 19, "displacement_km": 13.9, "centroid_lon": 5.29058, "centroid_lat": 50.878423}, "geometry": {"type": "Polygon", "coordinates": [[[5.484492972771021, 50.75822854275119], [5.486080992333998, 50.82459496928807], [5.381300931968226, 50.82555540691234], [5.379860533158873, 50.75918764357153], [5.484492972771021, 50.75822854275119]]]}}, {"type": "Feature", "properties": {"nis": "73022", "name_nl": "Heers", "name_fr": "Heers", "population": 7574, "grid_col": 27, "grid_row": 17, "displacement_km": 13.42, "centroid_lon": 5.311961, "centroid_lat": 50.753688}, "geometry": {"type": "Polygon", "coordinates": [[[5.481330322258627, 50.62549240273247], [5.482909422358664, 50.69186099091944], [5.378424188217119, 50.69281875741459], [5.376991880054235, 50.626448837372415], [5.481330322258627, 50.62549240273247]]]}}, {"type": "Feature", "properties": {"nis": "73028", "name_nl": "Herstappe", "name_fr": "Herstappe", "population": 75, "grid_col": 29, "grid_row": 17, "displacement_km": 16.9, "centroid_lon": 5.425484, "centroid_lat": 50.725902}, "geometry": {"type": "Polygon", "coordinates": [[[5.689993500293574, 50.62329975968654], [5.691866126331546, 50.68966529470766], [5.587390206205505, 50.69080983462503], [5.585664332900771, 50.62444270811844], [5.689993500293574, 50.62329975968654]]]}}, {"type": "Feature", "properties": {"nis": "73042", "name_nl": "Lanaken", "name_fr": "Lanaken", "population": 26457, "grid_col": 31, "grid_row": 18, "displacement_km": 24.57, "centroid_lon": 5.644288, "centroid_lat": 50.899441}, "geometry": {"type": "Polygon", "coordinates": [[[5.900801722304242, 50.68709609145041], [5.902973888733321, 50.75345700553491], [5.798361816226913, 50.75479014643627], [5.796336769426211, 50.688427377891905], [5.900801722304242, 50.68709609145041]]]}}, {"type": "Feature", "properties": {"nis": "73066", "name_nl": "Riemst", "name_fr": "Riemst", "population": 16938, "grid_col": 30, "grid_row": 18, "displacement_km": 14.2, "centroid_lon": 5.592445, "centroid_lat": 50.805392}, "geometry": {"type": "Polygon", "coordinates": [[[5.796336769426209, 50.688427377891905], [5.798361816226912, 50.75479014643627], [5.693744029421782, 50.75602978771204], [5.691866126331546, 50.68966529470766], [5.796336769426209, 50.688427377891905]]]}}, {"type": "Feature", "properties": {"nis": "73098", "name_nl": "Wellen", "name_fr": "Wellen", "population": 7479, "grid_col": 28, "grid_row": 19, "displacement_km": 16.16, "centroid_lon": 5.323399, "centroid_lat": 50.842683}, "geometry": {"type": "Polygon", "coordinates": [[[5.589120943250294, 50.75717592206587], [5.590856564622259, 50.82354088149167], [5.486080992333998, 50.82459496928807], [5.484492972771021, 50.75822854275119], [5.589120943250294, 50.75717592206587]]]}}, {"type": "Feature", "properties": {"nis": "73107", "name_nl": "Maasmechelen", "name_fr": "Maasmechelen", "population": 40486, "grid_col": 32, "grid_row": 18, "displacement_km": 33.88, "centroid_lon": 5.677908, "centroid_lat": 50.968892}, "geometry": {"type": "Polygon", "coordinates": [[[6.005260571915497, 50.68567144320375], [6.007579832144706, 50.75203037285415], [5.902973888733321, 50.75345700553491], [5.900801722304242, 50.68709609145041], [6.005260571915497, 50.68567144320375]]]}}, {"type": "Feature", "properties": {"nis": "73109", "name_nl": "Voeren", "name_fr": "Fourons", "population": 4412, "grid_col": 33, "grid_row": 18, "displacement_km": 16.94, "centroid_lon": 5.822527, "centroid_lat": 50.745329}, "geometry": {"type": "Polygon", "coordinates": [[[6.109712905354733, 50.68415344152027], [6.112179231810688, 50.75051025678961], [6.007579832144706, 50.75203037285415], [6.005260571915497, 50.68567144320375], [6.109712905354733, 50.68415344152027]]]}}, {"type": "Feature", "properties": {"nis": "73110", "name_nl": "Bilzen-Hoeselt", "name_fr": "Bilzen-Hoeselt", "population": 43052, "grid_col": 29, "grid_row": 18, "displacement_km": 17.97, "centroid_lon": 5.516265, "centroid_lat": 50.864457}, "geometry": {"type": "Polygon", "coordinates": [[[5.691866126331546, 50.68966529470766], [5.693744029421782, 50.75602978771204], [5.589120943250294, 50.75717592206587], [5.587390206205505, 50.69080983462503], [5.691866126331546, 50.68966529470766]]]}}, {"type": "Feature", "properties": {"nis": "73111", "name_nl": "Tongeren-Borgloon", "name_fr": "Tongeren-Borgloon", "population": 43980, "grid_col": 28, "grid_row": 18, "displacement_km": 10.58, "centroid_lon": 5.418915, "centroid_lat": 50.78398}, "geometry": {"type": "Polygon", "coordinates": [[[5.587390206205505, 50.69080983462503], [5.589120943250294, 50.75717592206587], [5.484492972771021, 50.75822854275119], [5.482909422358664, 50.69186099091944], [5.587390206205505, 50.69080983462503]]]}}, {"type": "Feature", "properties": {"nis": "81001", "name_nl": "Aarlen", "name_fr": "Arlon", "population": 31492, "grid_col": 31, "grid_row": 2, "displacement_km": 2.43, "centroid_lon": 5.793947, "centroid_lat": 49.675194}, "geometry": {"type": "Polygon", "coordinates": [[[5.866859978533539, 49.62523900620861], [5.868937495549779, 49.69160609913228], [5.766630725870463, 49.69290997378798], [5.76469392270098, 49.62654107989046], [5.866859978533539, 49.62523900620861]]]}}, {"type": "Feature", "properties": {"nis": "81003", "name_nl": "Attert", "name_fr": "Attert", "population": 5788, "grid_col": 31, "grid_row": 3, "displacement_km": 4.95, "centroid_lon": 5.757555, "centroid_lat": 49.745554}, "geometry": {"type": "Polygon", "coordinates": [[[5.868937495549779, 49.69160609913228], [5.871020745265513, 49.75797346428467], [5.768572873743462, 49.759279143170744], [5.766630725870463, 49.69290997378798], [5.868937495549779, 49.69160609913228]]]}}, {"type": "Feature", "properties": {"nis": "81004", "name_nl": "Aubange", "name_fr": "Aubange", "population": 17871, "grid_col": 30, "grid_row": 1, "displacement_km": 5.11, "centroid_lon": 5.776931, "centroid_lat": 49.574894}, "geometry": {"type": "Polygon", "coordinates": [[[5.762762442205377, 49.56017254859617], [5.764693922700978, 49.62654107989046], [5.662522544214685, 49.62775183183758], [5.660731413075999, 49.56138162884283], [5.762762442205377, 49.56017254859617]]]}}, {"type": "Feature", "properties": {"nis": "81013", "name_nl": "Martelange", "name_fr": "Martelange", "population": 2124, "grid_col": 30, "grid_row": 3, "displacement_km": 9.41, "centroid_lon": 5.724716, "centroid_lat": 49.811116}, "geometry": {"type": "Polygon", "coordinates": [[[5.766630725870462, 49.69290997378798], [5.768572873743461, 49.759279143170744], [5.666119635386965, 49.760493247583625], [5.664318611507917, 49.69412240045372], [5.766630725870462, 49.69290997378798]]]}}, {"type": "Feature", "properties": {"nis": "81015", "name_nl": "Messancy", "name_fr": "Messancy", "population": 8627, "grid_col": 31, "grid_row": 1, "displacement_km": 2.47, "centroid_lon": 5.811316, "centroid_lat": 49.614781}, "geometry": {"type": "Polygon", "coordinates": [[[5.864788170589631, 49.558872272642816], [5.866859978533539, 49.62523900620861], [5.76469392270098, 49.62654107989046], [5.762762442205378, 49.56017254859617], [5.864788170589631, 49.558872272642816]]]}}, {"type": "Feature", "properties": {"nis": "82009", "name_nl": "Fauvillers", "name_fr": "Fauvillers", "population": 2512, "grid_col": 30, "grid_row": 4, "displacement_km": 9.46, "centroid_lon": 5.696559, "centroid_lat": 49.876925}, "geometry": {"type": "Polygon", "coordinates": [[[5.768572873743461, 49.759279143170744], [5.770520388471333, 49.8256485008044], [5.667925636395997, 49.82686428600335], [5.666119635386965, 49.760493247583625], [5.768572873743461, 49.759279143170744]]]}}, {"type": "Feature", "properties": {"nis": "82014", "name_nl": "Houffalize", "name_fr": "Houffalize", "population": 5336, "grid_col": 30, "grid_row": 6, "displacement_km": 24.56, "centroid_lon": 5.770979, "centroid_lat": 50.14434}, "geometry": {"type": "Polygon", "coordinates": [[[5.772473292328, 49.89201795933824], [5.774431607710794, 49.95838743130539], [5.671552652549892, 49.95960658723533], [5.669736635192867, 49.8932354283727], [5.772473292328, 49.89201795933824]]]}}, {"type": "Feature", "properties": {"nis": "82032", "name_nl": "Vielsalm", "name_fr": "Vielsalm", "population": 7853, "grid_col": 31, "grid_row": 8, "displacement_km": 24.98, "centroid_lon": 5.893269, "centroid_lat": 50.278081}, "geometry": {"type": "Polygon", "coordinates": [[[5.879411548254521, 50.023443900524825], [5.881523820475769, 50.08981131581094], [5.778364563266318, 50.09112606509131], [5.776395357141324, 50.02475682912279], [5.879411548254521, 50.023443900524825]]]}}, {"type": "Feature", "properties": {"nis": "82036", "name_nl": "Vaux-sur-Sûre", "name_fr": "Vaux-sur-Sûre", "population": 6352, "grid_col": 29, "grid_row": 4, "displacement_km": 15.59, "centroid_lon": 5.606614, "centroid_lat": 49.934288}, "geometry": {"type": "Polygon", "coordinates": [[[5.666119635386965, 49.760493247583625], [5.667925636395997, 49.82686428600335], [5.565325886551903, 49.82798836304312], [5.56366141991943, 49.76161577057159], [5.666119635386965, 49.760493247583625]]]}}, {"type": "Feature", "properties": {"nis": "82037", "name_nl": "Gouvy", "name_fr": "Gouvy", "population": 5452, "grid_col": 31, "grid_row": 7, "displacement_km": 23.23, "centroid_lon": 5.911413, "centroid_lat": 50.192548}, "geometry": {"type": "Polygon", "coordinates": [[[5.877305128844822, 49.957076320076624], [5.879411548254521, 50.023443900524825], [5.776395357141324, 50.02475682912279], [5.774431607710796, 49.95838743130539], [5.877305128844822, 49.957076320076624]]]}}, {"type": "Feature", "properties": {"nis": "82038", "name_nl": "Sainte-Ode", "name_fr": "Sainte-Ode", "population": 2687, "grid_col": 29, "grid_row": 5, "displacement_km": 19.37, "centroid_lon": 5.528042, "centroid_lat": 50.024963}, "geometry": {"type": "Polygon", "coordinates": [[[5.667925636395997, 49.82686428600335], [5.669736635192867, 49.8932354283727], [5.566994959516788, 49.894361062284055], [5.565325886551903, 49.82798836304312], [5.667925636395997, 49.82686428600335]]]}}, {"type": "Feature", "properties": {"nis": "82039", "name_nl": "Bastenaken", "name_fr": "Bastogne", "population": 20940, "grid_col": 30, "grid_row": 5, "displacement_km": 19.21, "centroid_lon": 5.721615, "centroid_lat": 50.032153}, "geometry": {"type": "Polygon", "coordinates": [[[5.770520388471333, 49.8256485008044], [5.772473292328, 49.89201795933824], [5.669736635192867, 49.8932354283727], [5.667925636395997, 49.82686428600335], [5.770520388471333, 49.8256485008044]]]}}, {"type": "Feature", "properties": {"nis": "83012", "name_nl": "Durbuy", "name_fr": "Durbuy", "population": 11511, "grid_col": 29, "grid_row": 9, "displacement_km": 27.85, "centroid_lon": 5.488303, "centroid_lat": 50.360745}, "geometry": {"type": "Polygon", "coordinates": [[[5.675199826610807, 50.09234860403464], [5.677031025438856, 50.15871928647848], [5.573717699228852, 50.15985117626956], [5.572030008403014, 50.09347892557707], [5.675199826610807, 50.09234860403464]]]}}, {"type": "Feature", "properties": {"nis": "83013", "name_nl": "Erezée", "name_fr": "Erezée", "population": 3356, "grid_col": 29, "grid_row": 8, "displacement_km": 26.75, "centroid_lon": 5.557826, "centroid_lat": 50.296603}, "geometry": {"type": "Polygon", "coordinates": [[[5.673373709354658, 50.025977675018794], [5.675199826610807, 50.09234860403464], [5.572030008403014, 50.09347892557707], [5.570347001136088, 50.02710643117164], [5.673373709354658, 50.025977675018794]]]}}, {"type": "Feature", "properties": {"nis": "83028", "name_nl": "Hotton", "name_fr": "Hotton", "population": 5682, "grid_col": 28, "grid_row": 7, "displacement_km": 30.96, "centroid_lon": 5.432841, "centroid_lat": 50.267378}, "geometry": {"type": "Polygon", "coordinates": [[[5.568668657960595, 49.96073378084776], [5.570347001136088, 50.02710643117164], [5.467315628844041, 50.02814309107071], [5.465780018657445, 49.96176900565297], [5.568668657960595, 49.96073378084776]]]}}, {"type": "Feature", "properties": {"nis": "83031", "name_nl": "La Roche-en-Ardenne", "name_fr": "La Roche-en-Ardenne", "population": 4067, "grid_col": 30, "grid_row": 7, "displacement_km": 21.24, "centroid_lon": 5.604908, "centroid_lat": 50.167076}, "geometry": {"type": "Polygon", "coordinates": [[[5.774431607710794, 49.95838743130539], [5.776395357141323, 50.02475682912279], [5.673373709354658, 50.025977675018794], [5.671552652549892, 49.95960658723533], [5.774431607710794, 49.95838743130539]]]}}, {"type": "Feature", "properties": {"nis": "83034", "name_nl": "Marche-en-Famenne", "name_fr": "Marche-en-Famenne", "population": 17946, "grid_col": 27, "grid_row": 7, "displacement_km": 24.33, "centroid_lon": 5.343642, "centroid_lat": 50.209313}, "geometry": {"type": "Polygon", "coordinates": [[[5.465780018657445, 49.96176900565297], [5.467315628844041, 50.02814309107071], [5.364279988944674, 50.02908764873631], [5.362887129461968, 49.962712255690334], [5.465780018657445, 49.96176900565297]]]}}, {"type": "Feature", "properties": {"nis": "83040", "name_nl": "Nassogne", "name_fr": "Nassogne", "population": 5716, "grid_col": 28, "grid_row": 6, "displacement_km": 25.8, "centroid_lon": 5.358809, "centroid_lat": 50.136656}, "geometry": {"type": "Polygon", "coordinates": [[[5.566994959516788, 49.894361062284055], [5.568668657960595, 49.96073378084776], [5.465780018657445, 49.96176900565297], [5.464248658379492, 49.89539485460332], [5.566994959516788, 49.894361062284055]]]}}, {"type": "Feature", "properties": {"nis": "83044", "name_nl": "Rendeux", "name_fr": "Rendeux", "population": 2717, "grid_col": 29, "grid_row": 7, "displacement_km": 26.23, "centroid_lon": 5.516067, "centroid_lat": 50.219357}, "geometry": {"type": "Polygon", "coordinates": [[[5.671552652549892, 49.95960658723533], [5.673373709354658, 50.025977675018794], [5.570347001136088, 50.02710643117164], [5.568668657960595, 49.96073378084776], [5.671552652549892, 49.95960658723533]]]}}, {"type": "Feature", "properties": {"nis": "83049", "name_nl": "Tenneville", "name_fr": "Tenneville", "population": 2876, "grid_col": 29, "grid_row": 6, "displacement_km": 21.32, "centroid_lon": 5.490148, "centroid_lat": 50.099714}, "geometry": {"type": "Polygon", "coordinates": [[[5.669736635192867, 49.8932354283727], [5.671552652549892, 49.95960658723533], [5.568668657960595, 49.96073378084776], [5.566994959516788, 49.894361062284055], [5.669736635192867, 49.8932354283727]]]}}, {"type": "Feature", "properties": {"nis": "83055", "name_nl": "Manhay", "name_fr": "Manhay", "population": 3762, "grid_col": 30, "grid_row": 8, "displacement_km": 26.03, "centroid_lon": 5.662692, "centroid_lat": 50.289008}, "geometry": {"type": "Polygon", "coordinates": [[[5.776395357141323, 50.02475682912279], [5.778364563266316, 50.09112606509131], [5.675199826610807, 50.09234860403464], [5.673373709354658, 50.025977675018794], [5.776395357141323, 50.02475682912279]]]}}, {"type": "Feature", "properties": {"nis": "84009", "name_nl": "Bertrix", "name_fr": "Bertrix", "population": 9057, "grid_col": 27, "grid_row": 4, "displacement_km": 13.46, "centroid_lon": 5.246272, "centroid_lat": 49.853979}, "geometry": {"type": "Polygon", "coordinates": [[[5.461198617177942, 49.76264670570683], [5.462721530392982, 49.829020725475395], [5.360112959478684, 49.82996136737758], [5.358731617104377, 49.76358604708568], [5.461198617177942, 49.76264670570683]]]}}, {"type": "Feature", "properties": {"nis": "84010", "name_nl": "Bouillon", "name_fr": "Bouillon", "population": 5351, "grid_col": 25, "grid_row": 3, "displacement_km": 12.02, "centroid_lon": 5.083257, "centroid_lat": 49.805959}, "geometry": {"type": "Polygon", "coordinates": [[[5.255024471190553, 49.698057496460045], [5.256260809736506, 49.764433789328606], [5.153786585199093, 49.76518992758042], [5.152691457280824, 49.69881258967943], [5.255024471190553, 49.698057496460045]]]}}, {"type": "Feature", "properties": {"nis": "84016", "name_nl": "Daverdisse", "name_fr": "Daverdisse", "population": 1416, "grid_col": 25, "grid_row": 5, "displacement_km": 18.53, "centroid_lon": 5.066472, "centroid_lat": 50.004209}, "geometry": {"type": "Polygon", "coordinates": [[[5.257500565465016, 49.830810283352946], [5.258743752562397, 49.89718689122695], [5.155985934537216, 49.897945125231], [5.154884740095582, 49.83156746853081], [5.257500565465016, 49.830810283352946]]]}}, {"type": "Feature", "properties": {"nis": "84029", "name_nl": "Herbeumont", "name_fr": "Herbeumont", "population": 1743, "grid_col": 27, "grid_row": 3, "displacement_km": 10.23, "centroid_lon": 5.309326, "centroid_lat": 49.795338}, "geometry": {"type": "Polygon", "coordinates": [[[5.459679901310961, 49.69627288261921], [5.461198617177942, 49.76264670570683], [5.358731617104377, 49.76358604708568], [5.357354082038877, 49.697210925826724], [5.459679901310961, 49.69627288261921]]]}}, {"type": "Feature", "properties": {"nis": "84033", "name_nl": "Léglise", "name_fr": "Léglise", "population": 5868, "grid_col": 28, "grid_row": 3, "displacement_km": 9.83, "centroid_lon": 5.566668, "centroid_lat": 49.809875}, "geometry": {"type": "Polygon", "coordinates": [[[5.562001540578374, 49.69524337219991], [5.56366141991943, 49.76161577057159], [5.461198617177942, 49.76264670570683], [5.459679901310961, 49.69627288261921], [5.562001540578374, 49.69524337219991]]]}}, {"type": "Feature", "properties": {"nis": "84035", "name_nl": "Libin", "name_fr": "Libin", "population": 5367, "grid_col": 26, "grid_row": 5, "displacement_km": 13.73, "centroid_lon": 5.238185, "centroid_lat": 49.978109}, "geometry": {"type": "Polygon", "coordinates": [[[5.360112959478684, 49.82996136737758], [5.36149812496696, 49.89633679938894], [5.258743752562399, 49.89718689122695], [5.257500565465017, 49.830810283352946], [5.360112959478684, 49.82996136737758]]]}}, {"type": "Feature", "properties": {"nis": "84043", "name_nl": "Neufchâteau", "name_fr": "Neufchâteau", "population": 8350, "grid_col": 28, "grid_row": 4, "displacement_km": 8.45, "centroid_lon": 5.433407, "centroid_lat": 49.85102}, "geometry": {"type": "Polygon", "coordinates": [[[5.56366141991943, 49.76161577057159], [5.565325886551903, 49.82798836304312], [5.462721530392982, 49.829020725475395], [5.461198617177942, 49.76264670570683], [5.56366141991943, 49.76161577057159]]]}}, {"type": "Feature", "properties": {"nis": "84050", "name_nl": "Paliseul", "name_fr": "Paliseul", "population": 5530, "grid_col": 26, "grid_row": 4, "displacement_km": 17.39, "centroid_lon": 5.136927, "centroid_lat": 49.907658}, "geometry": {"type": "Polygon", "coordinates": [[[5.358731617104377, 49.76358604708568], [5.360112959478684, 49.82996136737758], [5.257500565465017, 49.830810283352946], [5.256260809736507, 49.764433789328606], [5.358731617104377, 49.76358604708568]]]}}, {"type": "Feature", "properties": {"nis": "84059", "name_nl": "Saint-Hubert", "name_fr": "Saint-Hubert", "population": 5691, "grid_col": 27, "grid_row": 5, "displacement_km": 20.07, "centroid_lon": 5.345622, "centroid_lat": 50.037917}, "geometry": {"type": "Polygon", "coordinates": [[[5.462721530392982, 49.829020725475395], [5.464248658379492, 49.89539485460332], [5.36149812496696, 49.89633679938894], [5.360112959478684, 49.82996136737758], [5.462721530392982, 49.829020725475395]]]}}, {"type": "Feature", "properties": {"nis": "84068", "name_nl": "Tellin", "name_fr": "Tellin", "population": 2519, "grid_col": 27, "grid_row": 6, "displacement_km": 21.14, "centroid_lon": 5.225698, "centroid_lat": 50.075486}, "geometry": {"type": "Polygon", "coordinates": [[[5.464248658379492, 49.89539485460332], [5.465780018657445, 49.96176900565297], [5.362887129461968, 49.962712255690334], [5.36149812496696, 49.89633679938894], [5.464248658379492, 49.89539485460332]]]}}, {"type": "Feature", "properties": {"nis": "84075", "name_nl": "Wellin", "name_fr": "Wellin", "population": 3207, "grid_col": 25, "grid_row": 6, "displacement_km": 16.39, "centroid_lon": 5.098543, "centroid_lat": 50.0601}, "geometry": {"type": "Polygon", "coordinates": [[[5.258743752562397, 49.89718689122695], [5.259990385293594, 49.96356352552848], [5.157090181160574, 49.964322810265465], [5.155985934537216, 49.897945125231], [5.258743752562397, 49.89718689122695]]]}}, {"type": "Feature", "properties": {"nis": "84077", "name_nl": "Libramont-Chevigny", "name_fr": "Libramont-Chevigny", "population": 12033, "grid_col": 28, "grid_row": 5, "displacement_km": 11.5, "centroid_lon": 5.422413, "centroid_lat": 49.946163}, "geometry": {"type": "Polygon", "coordinates": [[[5.565325886551903, 49.82798836304312], [5.566994959516788, 49.894361062284055], [5.464248658379492, 49.89539485460332], [5.462721530392982, 49.829020725475395], [5.565325886551903, 49.82798836304312]]]}}, {"type": "Feature", "properties": {"nis": "85007", "name_nl": "Chiny", "name_fr": "Chiny", "population": 5265, "grid_col": 27, "grid_row": 2, "displacement_km": 6.4, "centroid_lon": 5.391525, "centroid_lat": 49.72009}, "geometry": {"type": "Polygon", "coordinates": [[[5.458165365464525, 49.62989934341799], [5.459679901310961, 49.69627288261921], [5.357354082038877, 49.697210925826724], [5.355980338564013, 49.63083609079809], [5.458165365464525, 49.62989934341799]]]}}, {"type": "Feature", "properties": {"nis": "85009", "name_nl": "Etalle", "name_fr": "Etalle", "population": 6035, "grid_col": 29, "grid_row": 2, "displacement_km": 0.36, "centroid_lon": 5.608969, "centroid_lat": 49.663903}, "geometry": {"type": "Polygon", "coordinates": [[[5.662522544214685, 49.62775183183758], [5.664318611507917, 49.69412240045372], [5.562001540578374, 49.69524337219991], [5.560346229592534, 49.62887125514242], [5.662522544214685, 49.62775183183758]]]}}, {"type": "Feature", "properties": {"nis": "85011", "name_nl": "Florenville", "name_fr": "Florenville", "population": 5705, "grid_col": 26, "grid_row": 3, "displacement_km": 3.42, "centroid_lon": 5.275582, "centroid_lat": 49.70774}, "geometry": {"type": "Polygon", "coordinates": [[[5.357354082038877, 49.697210925826724], [5.358731617104377, 49.76358604708568], [5.256260809736507, 49.764433789328606], [5.255024471190555, 49.698057496460045], [5.357354082038877, 49.697210925826724]]]}}, {"type": "Feature", "properties": {"nis": "85024", "name_nl": "Meix-devant-Virton", "name_fr": "Meix-devant-Virton", "population": 2849, "grid_col": 28, "grid_row": 1, "displacement_km": 2.91, "centroid_lon": 5.469897, "centroid_lat": 49.603649}, "geometry": {"type": "Polygon", "coordinates": [[[5.558695468129779, 49.56249950649713], [5.560346229592534, 49.62887125514242], [5.458165365464525, 49.62989934341799], [5.456654992406355, 49.56352617519239], [5.558695468129779, 49.56249950649713]]]}}, {"type": "Feature", "properties": {"nis": "85026", "name_nl": "Musson", "name_fr": "Musson", "population": 4708, "grid_col": 29, "grid_row": 0, "displacement_km": 6.9, "centroid_lon": 5.680948, "centroid_lat": 49.569386}, "geometry": {"type": "Polygon", "coordinates": [[[5.658945197772715, 49.49501187846069], [5.660731413075999, 49.56138162884283], [5.558695468129779, 49.56249950649713], [5.557049237461336, 49.49612821324576], [5.658945197772715, 49.49501187846069]]]}}, {"type": "Feature", "properties": {"nis": "85034", "name_nl": "Saint-Léger", "name_fr": "Saint-Léger", "population": 3809, "grid_col": 30, "grid_row": 2, "displacement_km": 5.43, "centroid_lon": 5.676498, "centroid_lat": 49.618259}, "geometry": {"type": "Polygon", "coordinates": [[[5.764693922700978, 49.62654107989046], [5.766630725870462, 49.69290997378798], [5.664318611507917, 49.69412240045372], [5.662522544214685, 49.62775183183758], [5.764693922700978, 49.62654107989046]]]}}, {"type": "Feature", "properties": {"nis": "85039", "name_nl": "Tintigny", "name_fr": "Tintigny", "population": 4593, "grid_col": 28, "grid_row": 2, "displacement_km": 3.18, "centroid_lon": 5.484442, "centroid_lat": 49.685834}, "geometry": {"type": "Polygon", "coordinates": [[[5.560346229592534, 49.62887125514242], [5.562001540578374, 49.69524337219991], [5.459679901310961, 49.69627288261921], [5.458165365464525, 49.62989934341799], [5.560346229592534, 49.62887125514242]]]}}, {"type": "Feature", "properties": {"nis": "85045", "name_nl": "Virton", "name_fr": "Virton", "population": 11466, "grid_col": 29, "grid_row": 1, "displacement_km": 3.84, "centroid_lon": 5.572241, "centroid_lat": 49.571186}, "geometry": {"type": "Polygon", "coordinates": [[[5.660731413075999, 49.56138162884283], [5.662522544214685, 49.62775183183758], [5.560346229592534, 49.62887125514242], [5.558695468129779, 49.56249950649713], [5.660731413075999, 49.56138162884283]]]}}, {"type": "Feature", "properties": {"nis": "85046", "name_nl": "Habay", "name_fr": "Habay", "population": 8668, "grid_col": 29, "grid_row": 3, "displacement_km": 0.82, "centroid_lon": 5.617064, "centroid_lat": 49.734969}, "geometry": {"type": "Polygon", "coordinates": [[[5.664318611507917, 49.69412240045372], [5.666119635386965, 49.760493247583625], [5.56366141991943, 49.76161577057159], [5.562001540578374, 49.69524337219991], [5.664318611507917, 49.69412240045372]]]}}, {"type": "Feature", "properties": {"nis": "85047", "name_nl": "Rouvroy", "name_fr": "Rouvroy", "population": 2111, "grid_col": 28, "grid_row": 0, "displacement_km": 1.78, "centroid_lon": 5.483796, "centroid_lat": 49.535424}, "geometry": {"type": "Polygon", "coordinates": [[[5.557049237461336, 49.49612821324576], [5.558695468129779, 49.56249950649713], [5.456654992406355, 49.56352617519239], [5.455148764998759, 49.49715346491532], [5.557049237461336, 49.49612821324576]]]}}, {"type": "Feature", "properties": {"nis": "91005", "name_nl": "Anhée", "name_fr": "Anhée", "population": 7109, "grid_col": 23, "grid_row": 8, "displacement_km": 31.46, "centroid_lon": 4.810011, "centroid_lat": 50.318795}, "geometry": {"type": "Polygon", "coordinates": [[[5.055151429688088, 50.03136865649946], [5.056118628083994, 50.09774706231336], [4.952926682277385, 50.09832396093124], [4.952102685855426, 50.03194475605426], [5.055151429688088, 50.03136865649946]]]}}, {"type": "Feature", "properties": {"nis": "91013", "name_nl": "Beauraing", "name_fr": "Beauraing", "population": 9496, "grid_col": 24, "grid_row": 5, "displacement_km": 27.59, "centroid_lon": 4.952646, "centroid_lat": 50.093122}, "geometry": {"type": "Polygon", "coordinates": [[[5.154884740095582, 49.83156746853081], [5.155985934537216, 49.897945125231], [5.053225064342, 49.8986114970426], [5.052265875192615, 49.83223291856656], [5.154884740095582, 49.83156746853081]]]}}, {"type": "Feature", "properties": {"nis": "91015", "name_nl": "Bièvre", "name_fr": "Bièvre", "population": 3467, "grid_col": 25, "grid_row": 4, "displacement_km": 19.21, "centroid_lon": 5.019651, "centroid_lat": 49.921965}, "geometry": {"type": "Polygon", "coordinates": [[[5.256260809736506, 49.764433789328606], [5.257500565465016, 49.830810283352946], [5.154884740095582, 49.83156746853081], [5.153786585199093, 49.76518992758042], [5.256260809736506, 49.764433789328606]]]}}, {"type": "Feature", "properties": {"nis": "91030", "name_nl": "Ciney", "name_fr": "Ciney", "population": 17220, "grid_col": 26, "grid_row": 7, "displacement_km": 33.27, "centroid_lon": 5.122621, "centroid_lat": 50.269504}, "geometry": {"type": "Polygon", "coordinates": [[[5.362887129461968, 49.962712255690334], [5.364279988944674, 50.02908764873631], [5.261240478002727, 50.029940098719564], [5.259990385293595, 49.96356352552848], [5.362887129461968, 49.962712255690334]]]}}, {"type": "Feature", "properties": {"nis": "91034", "name_nl": "Dinant", "name_fr": "Dinant", "population": 13261, "grid_col": 24, "grid_row": 7, "displacement_km": 30.32, "centroid_lon": 4.943261, "centroid_lat": 50.249492}, "geometry": {"type": "Polygon", "coordinates": [[[5.157090181160574, 49.964322810265465], [5.15819749267238, 50.030700436102805], [5.055151429688088, 50.03136865649946], [5.054186912150879, 49.96499010552876], [5.157090181160574, 49.964322810265465]]]}}, {"type": "Feature", "properties": {"nis": "91054", "name_nl": "Gedinne", "name_fr": "Gedinne", "population": 4661, "grid_col": 23, "grid_row": 4, "displacement_km": 21.75, "centroid_lon": 4.902761, "centroid_lat": 49.98437}, "geometry": {"type": "Polygon", "coordinates": [[[5.051309333694988, 49.76585445751038], [5.052265875192615, 49.83223291856656], [4.949644362648002, 49.83280662964177], [4.948829445496221, 49.76642737531224], [5.051309333694988, 49.76585445751038]]]}}, {"type": "Feature", "properties": {"nis": "91059", "name_nl": "Hamois", "name_fr": "Hamois", "population": 7438, "grid_col": 26, "grid_row": 8, "displacement_km": 32.94, "centroid_lon": 5.13957, "centroid_lat": 50.337064}, "geometry": {"type": "Polygon", "coordinates": [[[5.364279988944674, 50.02908764873631], [5.365676719484862, 50.09546289086557], [5.262494045113641, 50.09631652314636], [5.261240478002727, 50.029940098719564], [5.364279988944674, 50.02908764873631]]]}}, {"type": "Feature", "properties": {"nis": "91064", "name_nl": "Havelange", "name_fr": "Havelange", "population": 5461, "grid_col": 27, "grid_row": 8, "displacement_km": 35.4, "centroid_lon": 5.24816, "centroid_lat": 50.361201}, "geometry": {"type": "Polygon", "coordinates": [[[5.467315628844041, 50.02814309107071], [5.468855506654388, 50.094517023187024], [5.365676719484862, 50.09546289086557], [5.364279988944674, 50.02908764873631], [5.467315628844041, 50.02814309107071]]]}}, {"type": "Feature", "properties": {"nis": "91072", "name_nl": "Houyet", "name_fr": "Houyet", "population": 5215, "grid_col": 25, "grid_row": 7, "displacement_km": 25.68, "centroid_lon": 5.002959, "centroid_lat": 50.186073}, "geometry": {"type": "Polygon", "coordinates": [[[5.259990385293594, 49.96356352552848], [5.261240478002726, 50.029940098719564], [5.15819749267238, 50.030700436102805], [5.157090181160574, 49.964322810265465], [5.259990385293594, 49.96356352552848]]]}}, {"type": "Feature", "properties": {"nis": "91103", "name_nl": "Onhaye", "name_fr": "Onhaye", "population": 3243, "grid_col": 23, "grid_row": 7, "displacement_km": 32.16, "centroid_lon": 4.812264, "centroid_lat": 50.260297}, "geometry": {"type": "Polygon", "coordinates": [[[5.054186912150879, 49.96499010552876], [5.055151429688088, 50.03136865649946], [4.952102685855426, 50.03194475605426], [4.951280973423106, 49.96556540747545], [5.054186912150879, 49.96499010552876]]]}}, {"type": "Feature", "properties": {"nis": "91114", "name_nl": "Rochefort", "name_fr": "Rochefort", "population": 12772, "grid_col": 26, "grid_row": 6, "displacement_km": 27.21, "centroid_lon": 5.169239, "centroid_lat": 50.156946}, "geometry": {"type": "Polygon", "coordinates": [[[5.36149812496696, 49.89633679938894], [5.362887129461968, 49.962712255690334], [5.259990385293595, 49.96356352552848], [5.258743752562399, 49.89718689122695], [5.36149812496696, 49.89633679938894]]]}}, {"type": "Feature", "properties": {"nis": "91120", "name_nl": "Somme-Leuze", "name_fr": "Somme-Leuze", "population": 6191, "grid_col": 28, "grid_row": 8, "displacement_km": 30.19, "centroid_lon": 5.318744, "centroid_lat": 50.29964}, "geometry": {"type": "Polygon", "coordinates": [[[5.570347001136088, 50.02710643117164], [5.572030008403014, 50.09347892557707], [5.468855506654388, 50.094517023187024], [5.467315628844041, 50.02814309107071], [5.570347001136088, 50.02710643117164]]]}}, {"type": "Feature", "properties": {"nis": "91141", "name_nl": "Yvoir", "name_fr": "Yvoir", "population": 9210, "grid_col": 24, "grid_row": 8, "displacement_km": 31.38, "centroid_lon": 4.940716, "centroid_lat": 50.325332}, "geometry": {"type": "Polygon", "coordinates": [[[5.15819749267238, 50.030700436102805], [5.159307881849983, 50.09707791509586], [5.056118628083994, 50.09774706231336], [5.055151429688088, 50.03136865649946], [5.15819749267238, 50.030700436102805]]]}}, {"type": "Feature", "properties": {"nis": "91142", "name_nl": "Hastière", "name_fr": "Hastière", "population": 6081, "grid_col": 24, "grid_row": 6, "displacement_km": 35.49, "centroid_lon": 4.825703, "centroid_lat": 50.195001}, "geometry": {"type": "Polygon", "coordinates": [[[5.155985934537216, 49.897945125231], [5.157090181160574, 49.964322810265465], [5.054186912150879, 49.96499010552876], [5.053225064342, 49.8986114970426], [5.155985934537216, 49.897945125231]]]}}, {"type": "Feature", "properties": {"nis": "91143", "name_nl": "Vresse-sur-Semois", "name_fr": "Vresse-sur-Semois", "population": 2549, "grid_col": 24, "grid_row": 4, "displacement_km": 14.64, "centroid_lon": 4.915829, "centroid_lat": 49.850273}, "geometry": {"type": "Polygon", "coordinates": [[[5.153786585199093, 49.76518992758042], [5.154884740095582, 49.83156746853081], [5.052265875192615, 49.83223291856656], [5.051309333694988, 49.76585445751038], [5.153786585199093, 49.76518992758042]]]}}, {"type": "Feature", "properties": {"nis": "92003", "name_nl": "Andenne", "name_fr": "Andenne", "population": 28231, "grid_col": 25, "grid_row": 10, "displacement_km": 34.14, "centroid_lon": 5.05789, "centroid_lat": 50.486775}, "geometry": {"type": "Polygon", "coordinates": [[[5.263751101130459, 50.16269271103933], [5.265011660638152, 50.22906857451322], [5.161537944668088, 50.22983208138196], [5.160421361541857, 50.163455159481735], [5.263751101130459, 50.16269271103933]]]}}, {"type": "Feature", "properties": {"nis": "92006", "name_nl": "Assesse", "name_fr": "Assesse", "population": 7343, "grid_col": 25, "grid_row": 8, "displacement_km": 38.01, "centroid_lon": 4.992935, "centroid_lat": 50.375504}, "geometry": {"type": "Polygon", "coordinates": [[[5.261240478002726, 50.029940098719564], [5.262494045113639, 50.09631652314636], [5.159307881849983, 50.09707791509586], [5.15819749267238, 50.030700436102805], [5.261240478002726, 50.029940098719564]]]}}, {"type": "Feature", "properties": {"nis": "92035", "name_nl": "Eghezée", "name_fr": "Eghezée", "population": 16954, "grid_col": 24, "grid_row": 12, "displacement_km": 32.48, "centroid_lon": 4.893799, "centroid_lat": 50.586614}, "geometry": {"type": "Polygon", "coordinates": [[[5.162657644220879, 50.29620859280247], [5.163780473265049, 50.36258460563373], [5.060014455039434, 50.36325747712777], [5.059036420659475, 50.29688053066652], [5.162657644220879, 50.29620859280247]]]}}, {"type": "Feature", "properties": {"nis": "92045", "name_nl": "Floreffe", "name_fr": "Floreffe", "population": 8083, "grid_col": 23, "grid_row": 10, "displacement_km": 31.86, "centroid_lon": 4.755642, "centroid_lat": 50.435029}, "geometry": {"type": "Polygon", "coordinates": [[[5.057088518530918, 50.16412523521349], [5.058061112283568, 50.23050308732724], [4.954581565286333, 50.231081588456426], [4.953752972224723, 50.16470293435445], [5.057088518530918, 50.16412523521349]]]}}, {"type": "Feature", "properties": {"nis": "92048", "name_nl": "Fosses-la-Ville", "name_fr": "Fosses-la-Ville", "population": 10436, "grid_col": 23, "grid_row": 9, "displacement_km": 37.18, "centroid_lon": 4.680982, "centroid_lat": 50.393206}, "geometry": {"type": "Polygon", "coordinates": [[[5.056118628083994, 50.09774706231336], [5.057088518530918, 50.16412523521349], [4.953752972224723, 50.16470293435445], [4.952926682277385, 50.09832396093124], [5.056118628083994, 50.09774706231336]]]}}, {"type": "Feature", "properties": {"nis": "92054", "name_nl": "Gesves", "name_fr": "Gesves", "population": 7445, "grid_col": 25, "grid_row": 9, "displacement_km": 34.44, "centroid_lon": 5.053385, "centroid_lat": 50.422457}, "geometry": {"type": "Polygon", "coordinates": [[[5.262494045113639, 50.09631652314636], [5.263751101130459, 50.16269271103933], [5.160421361541857, 50.163455159481735], [5.159307881849983, 50.09707791509586], [5.262494045113639, 50.09631652314636]]]}}, {"type": "Feature", "properties": {"nis": "92087", "name_nl": "Mettet", "name_fr": "Mettet", "population": 13613, "grid_col": 22, "grid_row": 8, "displacement_km": 33.04, "centroid_lon": 4.671166, "centroid_lat": 50.323227}, "geometry": {"type": "Polygon", "coordinates": [[[4.952102685855424, 50.03194475605426], [4.952926682277384, 50.09832396093124], [4.849732442954255, 50.09880860761484], [4.849051658041921, 50.03242873144329], [4.952102685855424, 50.03194475605426]]]}}, {"type": "Feature", "properties": {"nis": "92094", "name_nl": "Namen", "name_fr": "Namur", "population": 115029, "grid_col": 24, "grid_row": 10, "displacement_km": 33.81, "centroid_lon": 4.872585, "centroid_lat": 50.460456}, "geometry": {"type": "Polygon", "coordinates": [[[5.160421361541857, 50.163455159481735], [5.161537944668088, 50.22983208138196], [5.058061112283568, 50.23050308732724], [5.057088518530918, 50.16412523521349], [5.160421361541857, 50.163455159481735]]]}}, {"type": "Feature", "properties": {"nis": "92097", "name_nl": "Ohey", "name_fr": "Ohey", "population": 5316, "grid_col": 26, "grid_row": 9, "displacement_km": 35.72, "centroid_lon": 5.166388, "centroid_lat": 50.435796}, "geometry": {"type": "Polygon", "coordinates": [[[5.365676719484862, 50.09546289086557], [5.367077337241756, 50.161837894301115], [5.263751101130461, 50.16269271103933], [5.262494045113641, 50.09631652314636], [5.365676719484862, 50.09546289086557]]]}}, {"type": "Feature", "properties": {"nis": "92101", "name_nl": "Profondeville", "name_fr": "Profondeville", "population": 12322, "grid_col": 24, "grid_row": 9, "displacement_km": 33.73, "centroid_lon": 4.82861, "centroid_lat": 50.375184}, "geometry": {"type": "Polygon", "coordinates": [[[5.159307881849983, 50.09707791509586], [5.160421361541857, 50.163455159481735], [5.057088518530918, 50.16412523521349], [5.056118628083994, 50.09774706231336], [5.159307881849983, 50.09707791509586]]]}}, {"type": "Feature", "properties": {"nis": "92114", "name_nl": "Sombreffe", "name_fr": "Sombreffe", "population": 8384, "grid_col": 21, "grid_row": 12, "displacement_km": 25.87, "centroid_lon": 4.602627, "centroid_lat": 50.526635}, "geometry": {"type": "Polygon", "coordinates": [[[4.851786199105832, 50.29794650319842], [4.852474611517983, 50.36432493082043], [4.748701596763505, 50.36471950680327], [4.748158008266794, 50.29834053167059], [4.851786199105832, 50.29794650319842]]]}}, {"type": "Feature", "properties": {"nis": "92137", "name_nl": "Sambreville", "name_fr": "Sambreville", "population": 28638, "grid_col": 22, "grid_row": 11, "displacement_km": 28.53, "centroid_lon": 4.620667, "centroid_lat": 50.446547}, "geometry": {"type": "Polygon", "coordinates": [[[4.954581565286332, 50.231081588456426], [4.955412471104638, 50.29745983525418], [4.851786199105832, 50.29794650319842], [4.851099705541387, 50.23156758141335], [4.954581565286332, 50.231081588456426]]]}}, {"type": "Feature", "properties": {"nis": "92138", "name_nl": "Fernelmont", "name_fr": "Fernelmont", "population": 8175, "grid_col": 24, "grid_row": 11, "displacement_km": 33.49, "centroid_lon": 4.987223, "centroid_lat": 50.553992}, "geometry": {"type": "Polygon", "coordinates": [[[5.161537944668088, 50.22983208138196], [5.162657644220879, 50.29620859280247], [5.059036420659475, 50.29688053066652], [5.058061112283568, 50.23050308732724], [5.161537944668088, 50.22983208138196]]]}}, {"type": "Feature", "properties": {"nis": "92140", "name_nl": "Jemeppe-sur-Sambre", "name_fr": "Jemeppe-sur-Sambre", "population": 19225, "grid_col": 23, "grid_row": 11, "displacement_km": 32.96, "centroid_lon": 4.676181, "centroid_lat": 50.471638}, "geometry": {"type": "Polygon", "coordinates": [[[5.058061112283568, 50.23050308732724], [5.059036420659475, 50.29688053066652], [4.95541247110464, 50.29745983525418], [4.954581565286333, 50.231081588456426], [5.058061112283568, 50.23050308732724]]]}}, {"type": "Feature", "properties": {"nis": "92141", "name_nl": "La Bruyère", "name_fr": "La Bruyère", "population": 9397, "grid_col": 23, "grid_row": 12, "displacement_km": 26.26, "centroid_lon": 4.80986, "centroid_lat": 50.529781}, "geometry": {"type": "Polygon", "coordinates": [[[5.059036420659475, 50.29688053066652], [5.060014455039434, 50.36325747712777], [4.956245699375962, 50.3638375866493], [4.95541247110464, 50.29745983525418], [5.059036420659475, 50.29688053066652]]]}}, {"type": "Feature", "properties": {"nis": "92142", "name_nl": "Gembloux", "name_fr": "Gembloux", "population": 26550, "grid_col": 22, "grid_row": 12, "displacement_km": 28.45, "centroid_lon": 4.709053, "centroid_lat": 50.554315}, "geometry": {"type": "Polygon", "coordinates": [[[4.955412471104638, 50.29745983525418], [4.956245699375962, 50.3638375866493], [4.852474611517983, 50.36432493082043], [4.851786199105832, 50.29794650319842], [4.955412471104638, 50.29745983525418]]]}}, {"type": "Feature", "properties": {"nis": "93010", "name_nl": "Cerfontaine", "name_fr": "Cerfontaine", "population": 4989, "grid_col": 19, "grid_row": 7, "displacement_km": 22.83, "centroid_lon": 4.436716, "centroid_lat": 50.179566}, "geometry": {"type": "Polygon", "coordinates": [[[4.642551091385589, 49.96673932293201], [4.642944338197267, 50.0331202990857], [4.539888840128425, 50.03332788734869], [4.539638426465449, 49.96694662377732], [4.642551091385589, 49.96673932293201]]]}}, {"type": "Feature", "properties": {"nis": "93014", "name_nl": "Couvin", "name_fr": "Couvin", "population": 13919, "grid_col": 22, "grid_row": 4, "displacement_km": 39.96, "centroid_lon": 4.480983, "centroid_lat": 50.037803}, "geometry": {"type": "Polygon", "coordinates": [[[4.948829445496219, 49.76642737531224], [4.949644362648001, 49.83280662964177], [4.847020594414313, 49.83328859846435], [4.846347310935085, 49.76690867770438], [4.948829445496219, 49.76642737531224]]]}}, {"type": "Feature", "properties": {"nis": "93018", "name_nl": "Doische", "name_fr": "Doische", "population": 2973, "grid_col": 23, "grid_row": 6, "displacement_km": 32.08, "centroid_lon": 4.699002, "centroid_lat": 50.144278}, "geometry": {"type": "Polygon", "coordinates": [[[5.053225064342, 49.8986114970426], [5.054186912150879, 49.96499010552876], [4.951280973423106, 49.96556540747545], [4.950461535497475, 49.899186002831094], [5.053225064342, 49.8986114970426]]]}}, {"type": "Feature", "properties": {"nis": "93022", "name_nl": "Florennes", "name_fr": "Florennes", "population": 11394, "grid_col": 22, "grid_row": 7, "displacement_km": 34.25, "centroid_lon": 4.631225, "centroid_lat": 50.25383}, "geometry": {"type": "Polygon", "coordinates": [[[4.951280973423104, 49.96556540747545], [4.952102685855424, 50.03194475605426], [4.849051658041921, 50.03242873144329], [4.848372760197381, 49.96604871279228], [4.951280973423104, 49.96556540747545]]]}}, {"type": "Feature", "properties": {"nis": "93056", "name_nl": "Philippeville", "name_fr": "Philippeville", "population": 9589, "grid_col": 22, "grid_row": 6, "displacement_km": 34.51, "centroid_lon": 4.587792, "centroid_lat": 50.169238}, "geometry": {"type": "Polygon", "coordinates": [[[4.950461535497473, 49.899186002831094], [4.951280973423104, 49.96556540747545], [4.848372760197381, 49.96604871279228], [4.847695741585465, 49.89966863929384], [4.950461535497473, 49.899186002831094]]]}}, {"type": "Feature", "properties": {"nis": "93088", "name_nl": "Walcourt", "name_fr": "Walcourt", "population": 18353, "grid_col": 19, "grid_row": 8, "displacement_km": 24.92, "centroid_lon": 4.434859, "centroid_lat": 50.266615}, "geometry": {"type": "Polygon", "coordinates": [[[4.642944338197267, 50.0331202990857], [4.643338678111378, 50.09950113450672], [4.540139949868662, 50.09970901071175], [4.539888840128425, 50.03332788734869], [4.642944338197267, 50.0331202990857]]]}}, {"type": "Feature", "properties": {"nis": "93090", "name_nl": "Viroinval", "name_fr": "Viroinval", "population": 5616, "grid_col": 23, "grid_row": 5, "displacement_km": 34.15, "centroid_lon": 4.625234, "centroid_lat": 50.053883}, "geometry": {"type": "Polygon", "coordinates": [[[5.052265875192615, 49.83223291856656], [5.053225064342, 49.8986114970426], [4.950461535497475, 49.899186002831094], [4.949644362648002, 49.83280662964177], [5.052265875192615, 49.83223291856656]]]}}], "metadata": {"title": "Belgian municipalities — equal-square tile grid (tilegram)", "description": "One equal-size square per Belgian municipality, placed on a gap-free grid by an optimal assignment minimising distance to each municipality's true centroid. Squares are uniform; position is geographic, not area- or population-weighted.", "municipalities": 565, "cell_size_m": 7383.3, "vintage": "2025 (565 municipalities, post 2025-01-01 mergers)", "mean_displacement_km": 15.28, "max_displacement_km": 50.81, "source": "Boundaries: officiel_belgium.geojson (2025, 565 communes; 13 merged communes filled from Statbel statistical sectors 2025). Population: Statbel TF_SOC_POP_STRUCT 2025 (CC BY 4.0).", "crs": "EPSG:4326", "fields": {"nis": "5-digit NIS/INS municipality code", "name_nl": "municipality name (Dutch)", "name_fr": "municipality name (French)", "population": "total population on 2025-01-01", "grid_col": "tile column index (0 = west)", "grid_row": "tile row index (0 = south)", "displacement_km": "distance from tile centre to true centroid", "centroid_lon": "true centroid longitude (WGS84)", "centroid_lat": "true centroid latitude (WGS84)"}}}